<?xml version="1.0" encoding="UTF-8"?><gmi:MI_Metadata xmlns:gmi="http://www.isotc211.org/2005/gmi" xmlns="http://www.isotc211.org/2005/gmd" xmlns:date="http://exslt.org/dates-and-times" xmlns:eum="http://www.eumetsat.int/2008/gmi" xmlns:fn="http://www.w3.org/TR/xpath-functions" xmlns:gco="http://www.isotc211.org/2005/gco" xmlns:gmd="http://www.isotc211.org/2005/gmd" xmlns:gml="http://www.opengis.net/gml" xmlns:str="http://exslt.org/strings" xmlns:xdt="http://www.w3.org/2005/02/xpath-datatypes" xmlns:xlink="http://www.w3.org/1999/xlink" xmlns:xs="http://www.w3.org/2001/XMLSchema" xmlns:xsi="http://www.w3.org/2001/XMLSchema-instance">
<fileIdentifier>
<gco:CharacterString>EO_EUM_DAT_MSG_GERB</gco:CharacterString>
</fileIdentifier>
<language>
<gco:CharacterString>eng</gco:CharacterString>
</language>
<hierarchyLevel>
<MD_ScopeCode codeList="./resources/codeList.xml#MD_ScopeCode" codeListValue="series"/>
</hierarchyLevel>
<hierarchyLevelName>
<gco:CharacterString>sat.MSG1</gco:CharacterString>
</hierarchyLevelName>
<hierarchyLevelName>
<gco:CharacterString>sat.MSG2</gco:CharacterString>
</hierarchyLevelName>
<hierarchyLevelName>
<gco:CharacterString>theme.par.Radiation</gco:CharacterString>
</hierarchyLevelName>
<hierarchyLevelName>
<gco:CharacterString>theme.par.Atmosphere</gco:CharacterString>
</hierarchyLevelName>
<hierarchyLevelName>
<gco:CharacterString>SBA.Weather</gco:CharacterString>
</hierarchyLevelName>
<hierarchyLevelName>
<gco:CharacterString>SBA.Climate</gco:CharacterString>
</hierarchyLevelName>
<contact>
<CI_ResponsibleParty>
<individualName>
<gco:CharacterString/>
</individualName>
<organisationName>
<gco:CharacterString>EUMETSAT</gco:CharacterString>
</organisationName>
<contactInfo>
<CI_Contact>
<address>
<CI_Address>
<deliveryPoint>
<gco:CharacterString>EUMETSAT Allee 1</gco:CharacterString>
</deliveryPoint>
<city>
<gco:CharacterString>Darmstadt</gco:CharacterString>
</city>
<administrativeArea>
<gco:CharacterString>Hessen</gco:CharacterString>
</administrativeArea>
<postalCode>
<gco:CharacterString>64295</gco:CharacterString>
</postalCode>
<country>
<gco:CharacterString>Germany</gco:CharacterString>
</country>
<electronicMailAddress>
<gco:CharacterString>ops@eumetsat.int</gco:CharacterString>
</electronicMailAddress>
</CI_Address>
</address>
<onlineResource>
<CI_OnlineResource>
<linkage>
<URL>http://www.eumetsat.int</URL>
</linkage>
<protocol>
<gco:CharacterString>http</gco:CharacterString>
</protocol>
</CI_OnlineResource>
</onlineResource>
</CI_Contact>
</contactInfo>
<role>
<CI_RoleCode codeList="./resources/codeList.xml#CI_RoleCode" codeListValue="owner"/>
</role>
</CI_ResponsibleParty>
</contact>
<dateStamp>
<gco:Date>2009-08-31</gco:Date>
</dateStamp>
<metadataStandardName>
<gco:CharacterString>ISO19115</gco:CharacterString>
</metadataStandardName>
<metadataStandardVersion>
<gco:CharacterString>2003/Cor.1:2006</gco:CharacterString>
</metadataStandardVersion>
<identificationInfo>
<MD_DataIdentification>
<citation>
<CI_Citation>
<title>
<gco:CharacterString>Geostationary Earth Radiation Budget</gco:CharacterString>
</title>
<alternateTitle>
<gco:CharacterString>MSGGERB</gco:CharacterString>
</alternateTitle>
<alternateTitle/>
<date>
<CI_Date>
<date>
<gco:Date>2009-07-13</gco:Date>
</date>
<dateType>
<CI_DateTypeCode codeList="./resources/codeList.xml#CI_DateTypeCode" codeListValue="creation"/>
</dateType>
</CI_Date>
</date>
<date>
<CI_Date>
<date>
<gco:Date>2009-07-21</gco:Date>
</date>
<dateType>
<CI_DateTypeCode codeList="./resources/codeList.xml#CI_DateTypeCode" codeListValue="revision"/>
</dateType>
</CI_Date>
</date>
<date>
<CI_Date>
<date>
<gco:Date>2009-07-21</gco:Date>
</date>
<dateType>
<CI_DateTypeCode codeList="./resources/codeList.xml#CI_DateTypeCode" codeListValue="publication"/>
</dateType>
</CI_Date>
</date>
<identifier>
<MD_Identifier>
<code>
<gco:CharacterString>EO:EUM:DAT:MSG:GERB</gco:CharacterString>
</code>
</MD_Identifier>
</identifier>
<citedResponsibleParty>
<CI_ResponsibleParty>
<contactInfo>
<CI_Contact>
<onlineResource>
<CI_OnlineResource>
<linkage>
<URL>http://gerb.oma.be/</URL>
</linkage>
<protocol>
<gco:CharacterString>http</gco:CharacterString>
</protocol>
<name>
<gco:CharacterString>GERB_site</gco:CharacterString>
</name>
<function>
<CI_OnLineFunctionCode codeList="./resources/codeList.xml#CI_OnLineFunctionCode" codeListValue="information"/>
</function>
</CI_OnlineResource>
</onlineResource>
</CI_Contact>
</contactInfo>
<role>
<CI_RoleCode codeList="./resources/codeList.xml#CI_RoleCode" codeListValue="originator"/>
</role>
</CI_ResponsibleParty>
</citedResponsibleParty>
<citedResponsibleParty>
<CI_ResponsibleParty>
<contactInfo>
<CI_Contact>
<onlineResource>
<CI_OnlineResource>
<linkage>
<URL>http://www.meteo.be/meteo/view/en/65239-Home.html</URL>
</linkage>
<protocol>
<gco:CharacterString>http</gco:CharacterString>
</protocol>
<name>
<gco:CharacterString>Belgian_Meteorological_Service</gco:CharacterString>
</name>
<function>
<CI_OnLineFunctionCode codeList="./resources/codeList.xml#CI_OnLineFunctionCode" codeListValue="information"/>
</function>
</CI_OnlineResource>
</onlineResource>
</CI_Contact>
</contactInfo>
<role>
<CI_RoleCode codeList="./resources/codeList.xml#CI_RoleCode" codeListValue="originator"/>
</role>
</CI_ResponsibleParty>
</citedResponsibleParty>
<citedResponsibleParty>
<CI_ResponsibleParty>
<contactInfo>
<CI_Contact>
<onlineResource>
<CI_OnlineResource>
<linkage>
<URL>http://www.scitech.ac.uk/About/find/RAL/introduction.aspx</URL>
</linkage>
<protocol>
<gco:CharacterString>http</gco:CharacterString>
</protocol>
<name>
<gco:CharacterString>RAL</gco:CharacterString>
</name>
<function>
<CI_OnLineFunctionCode codeList="./resources/codeList.xml#CI_OnLineFunctionCode" codeListValue="information"/>
</function>
</CI_OnlineResource>
</onlineResource>
</CI_Contact>
</contactInfo>
<role>
<CI_RoleCode codeList="./resources/codeList.xml#CI_RoleCode" codeListValue="originator"/>
</role>
</CI_ResponsibleParty>
</citedResponsibleParty>
</CI_Citation>
</citation>
<abstract>
<gco:CharacterString>The GERB instrument is a scanning radiometer with two broadband channels, one covering the solar spectrum (0.32 to 4.0 micron), the other covering a wider portion of the electromagnetic spectrum (0.32 to 30 micron). Together these channels are used to derive the thermal radiation emitted by the Earth in the spectral range 4.0 to 30 micron. The GERB broadband channels span the twelve much narrower channels measured by the MSG's other instrument the Spinning Enhanced Visible and Infrared Imager (SEVIRI). Thus, GERB fills in the gaps in the thermal radiation spectrum missed by the SEVIRI channels. However, the GERB measures the thermal radiation at a coarser spatial resolution. RMI scientists use the finer spatial resolution of the SEVIRI data to improve the spatial resolution of the GERB images.</gco:CharacterString>
</abstract>
<status>
<MD_ProgressCode codeList="./resources/codeList.xml#CI_OrbitTypeCode" codeListValue="Operational"/>
</status>
<pointOfContact>
<CI_ResponsibleParty>
<individualName>
<gco:CharacterString>European Organisation for the Exploitation of Meteorological Satellites</gco:CharacterString>
</individualName>
<organisationName>
<gco:CharacterString>EUMETSAT</gco:CharacterString>
</organisationName>
<contactInfo>
<CI_Contact>
<phone>
<CI_Telephone>
<voice>
<gco:CharacterString>+49(0)6151-807 366/377</gco:CharacterString>
</voice>
<facsimile>
<gco:CharacterString>+49(0)6151-807 379</gco:CharacterString>
</facsimile>
</CI_Telephone>
</phone>
<address>
<CI_Address>
<deliveryPoint>
<gco:CharacterString>EUMETSAT Allee 1</gco:CharacterString>
</deliveryPoint>
<city>
<gco:CharacterString>Darmstadt</gco:CharacterString>
</city>
<administrativeArea>
<gco:CharacterString>Hessen</gco:CharacterString>
</administrativeArea>
<postalCode>
<gco:CharacterString>64295</gco:CharacterString>
</postalCode>
<country>
<gco:CharacterString>Germany</gco:CharacterString>
</country>
<electronicMailAddress>
<gco:CharacterString>ops@eumetsat.int</gco:CharacterString>
</electronicMailAddress>
</CI_Address>
</address>
<onlineResource>
<CI_OnlineResource>
<linkage>
<URL>http://www.eumetsat.int</URL>
</linkage>
<protocol>
<gco:CharacterString>http</gco:CharacterString>
</protocol>
</CI_OnlineResource>
</onlineResource>
</CI_Contact>
</contactInfo>
<role>
<CI_RoleCode codeList="./resources/codeList.xml#CI_RoleCode" codeListValue="originator"/>
</role>
</CI_ResponsibleParty>
</pointOfContact>
<graphicOverview>
<MD_BrowseGraphic>
<fileName>
<gco:CharacterString>/smartEditor/preview/GERB.jpg</gco:CharacterString>
</fileName>
<fileDescription>
<gco:CharacterString>preview</gco:CharacterString>
</fileDescription>
<fileType>
<gco:CharacterString>jpg</gco:CharacterString>
</fileType>
</MD_BrowseGraphic>
</graphicOverview>
<descriptiveKeywords>
<MD_Keywords>
<keyword>
<gco:CharacterString>Weather</gco:CharacterString>
</keyword>
<keyword>
<gco:CharacterString>Climate</gco:CharacterString>
</keyword>
<type>
<MD_KeywordTypeCode codeList="http://metadata.dgiwg.org/codelistRegistry?MD_KeywordTypeCode" codeListValue="socialBenefitArea"/>
</type>
</MD_Keywords>
</descriptiveKeywords>
<descriptiveKeywords>
<MD_Keywords>
<keyword>
<gco:CharacterString>Atmosphere</gco:CharacterString>
</keyword>
<type>
<MD_KeywordTypeCode codeList="http://metadata.dgiwg.org/codelistRegistry?MD_KeywordTypeCode" codeListValue="theme"/>
</type>
</MD_Keywords>
</descriptiveKeywords>
<descriptiveKeywords>
<MD_Keywords>
<keyword>
<gco:CharacterString>Atmosphere</gco:CharacterString>
</keyword>
<type>
<MD_KeywordTypeCode codeList="http://metadata.dgiwg.org/codelistRegistry?MD_KeywordTypeCode" codeListValue="discipline"/>
</type>
</MD_Keywords>
</descriptiveKeywords>
<descriptiveKeywords>
<MD_Keywords>
<keyword>
<gco:CharacterString/>
</keyword>
<type>
<MD_KeywordTypeCode codeList="http://metadata.dgiwg.org/codelistRegistry?MD_KeywordTypeCode" codeListValue="place"/>
</type>
</MD_Keywords>
</descriptiveKeywords>
<descriptiveKeywords>
<MD_Keywords>
<keyword>
<gco:CharacterString/>
</keyword>
<type>
<MD_KeywordTypeCode codeList="http://metadata.dgiwg.org/codelistRegistry?MD_KeywordTypeCode" codeListValue="temporal"/>
</type>
</MD_Keywords>
</descriptiveKeywords>
<resourceConstraints>
<MD_LegalConstraints>
<useConstraints>
<MD_RestrictionCode codeList="http://metadata.dgiwg.org/codelistRegistry?MD_RestrictionCode" codeListValue="copyright"/>
</useConstraints>
</MD_LegalConstraints>
</resourceConstraints>
<spatialRepresentationType>
<MD_SpatialRepresentationTypeCode codeList="MD_SpatialRepresentationTypeCode" codeListValue="grid"/>
</spatialRepresentationType>
<spatialResolution>
<MD_Resolution>
<distance>
<gco:Distance uom="km">1.00</gco:Distance>
</distance>
</MD_Resolution>
</spatialResolution>
<language>
<gco:CharacterString>eng</gco:CharacterString>
</language>
<characterSet>
<MD_CharacterSetCode codeList="/resources/codeList.xml#CI_CharacterSetCode" codeListValue="utf8"/>
</characterSet>
<topicCategory>
<MD_TopicCategoryCode>climatologyMeteorologyAtmosphere</MD_TopicCategoryCode>
</topicCategory>
<extent>
<EX_Extent>
<geographicElement>
<EX_GeographicDescription>
<geographicIdentifier>
<MD_Identifier>
<code>
<gco:CharacterString>Full Disk 0 degrees</gco:CharacterString>
</code>
</MD_Identifier>
</geographicIdentifier>
</EX_GeographicDescription>
</geographicElement>
</EX_Extent>
</extent>
<extent>
<EX_Extent>
<geographicElement>
<EX_GeographicBoundingBox>
<westBoundLongitude>
<gco:Decimal>-180.0</gco:Decimal>
</westBoundLongitude>
<eastBoundLongitude>
<gco:Decimal>180.0</gco:Decimal>
</eastBoundLongitude>
<southBoundLatitude>
<gco:Decimal>-90.0</gco:Decimal>
</southBoundLatitude>
<northBoundLatitude>
<gco:Decimal>90.0</gco:Decimal>
</northBoundLatitude>
</EX_GeographicBoundingBox>
</geographicElement>
</EX_Extent>
</extent>
<extent>
<EX_Extent>
<temporalElement>
<EX_TemporalExtent>
<extent>
<gml:TimePeriod gml:id="ID0006">
<gml:beginPosition>2003-01-01</gml:beginPosition>
<gml:endPosition/>
</gml:TimePeriod>
</extent>
</EX_TemporalExtent>
</temporalElement>
</EX_Extent>
</extent>
</MD_DataIdentification>
</identificationInfo>
<contentInfo>
<gmi:MI_CoverageDescription>
<attributeDescription>
<gco:RecordType/>
</attributeDescription>
<contentType>
<MD_CoverageContentTypeCode codeList="./resources/codeList.xml#CI_ContentTypeCode" codeListValue=""/>
</contentType>
</gmi:MI_CoverageDescription>
</contentInfo>
<distributionInfo>
<MD_Distribution>
<distributor>
<eum:MD_EUMDistributor>
<distributorContact>
<CI_ResponsibleParty>
<individualName>
<gco:CharacterString/>
</individualName>
<organisationName>
<gco:CharacterString>EUMETSAT</gco:CharacterString>
</organisationName>
<contactInfo>
<CI_Contact>
<address>
<CI_Address>
<deliveryPoint>
<gco:CharacterString>EUMETSAT Allee 1</gco:CharacterString>
</deliveryPoint>
<city>
<gco:CharacterString>Darmstadt</gco:CharacterString>
</city>
<administrativeArea>
<gco:CharacterString>Hessen</gco:CharacterString>
</administrativeArea>
<postalCode>
<gco:CharacterString>64295</gco:CharacterString>
</postalCode>
<country>
<gco:CharacterString>Germany</gco:CharacterString>
</country>
<electronicMailAddress>
<gco:CharacterString>ops@eumetsat.int</gco:CharacterString>
</electronicMailAddress>
</CI_Address>
</address>
<onlineResource>
<CI_OnlineResource>
<linkage>
<URL>http://www.eumetsat.int</URL>
</linkage>
<protocol>
<gco:CharacterString>http</gco:CharacterString>
</protocol>
</CI_OnlineResource>
</onlineResource>
</CI_Contact>
</contactInfo>
<role>
<CI_RoleCode codeList="./resources/codeList.xml#CI_RoleCode" codeListValue="owner"/>
</role>
</CI_ResponsibleParty>
</distributorContact>
</eum:MD_EUMDistributor>
</distributor>
</MD_Distribution>
</distributionInfo>
<gmi:acquisitionInformation>
<gmi:MI_AcquisitionInformation>
<gmi:platform>
<eum:MI_EUMPlatform>
<gmi:identifier>
<MD_Identifier>
<code>
<gco:CharacterString>MSG</gco:CharacterString>
</code>
</MD_Identifier>
</gmi:identifier>
<gmi:description>
<gco:CharacterString>MSG-2 and MSG-3</gco:CharacterString>
</gmi:description>
<gmi:instrument>
<gmi:MI_Instrument>
<gmi:citation>
<CI_Citation>
<title>
<gco:CharacterString>GERB</gco:CharacterString>
</title>
<date/>
<identifier>
<MD_Identifier>
<code>
<gco:CharacterString>GERB</gco:CharacterString>
</code>
</MD_Identifier>
</identifier>
</CI_Citation>
</gmi:citation>
<gmi:type>
<gmi:MI_SensorTypeCode id="Radiometer"/>
</gmi:type>
</gmi:MI_Instrument>
</gmi:instrument>
<eum:orbitType>
<eum:CI_OrbitTypeCode codeList="./resources/codeList.xml#CI_OrbitTypeCode" codeListValue="GEO"/>
</eum:orbitType>
</eum:MI_EUMPlatform>
</gmi:platform>
</gmi:MI_AcquisitionInformation>
</gmi:acquisitionInformation>
</gmi:MI_Metadata>