<?xml version="1.0" encoding="UTF-8"?><gmi:MI_Metadata xmlns:gmi="http://www.isotc211.org/2005/gmi" xmlns="http://www.isotc211.org/2005/gmd" xmlns:date="http://exslt.org/dates-and-times" xmlns:eum="http://www.eumetsat.int/2008/gmi" xmlns:fn="http://www.w3.org/TR/xpath-functions" xmlns:gco="http://www.isotc211.org/2005/gco" xmlns:gmd="http://www.isotc211.org/2005/gmd" xmlns:gml="http://www.opengis.net/gml" xmlns:str="http://exslt.org/strings" xmlns:xdt="http://www.w3.org/2005/02/xpath-datatypes" xmlns:xlink="http://www.w3.org/1999/xlink" xmlns:xs="http://www.w3.org/2001/XMLSchema" xmlns:xsi="http://www.w3.org/2001/XMLSchema-instance" xsi:type="gmi:MI_Metadata_Type">
         <fileIdentifier>
            <gco:CharacterString>EO_EUM_DAT_MTSAT_MTSAT1</gco:CharacterString>
         </fileIdentifier>
         <language>
            <gco:CharacterString>eng</gco:CharacterString>
         </language>
         <hierarchyLevel>
            <MD_ScopeCode codeList="./resources/codeList.xml#MD_ScopeCode" codeListValue="series"/>
         </hierarchyLevel>








         
         
         
         
         
         
         
         
         
         
         
         
         
         
         
         
         
         
         
         
         
         
         
         
         <hierarchyLevelName>
            <gco:CharacterString>sat.MTSAT-1R.</gco:CharacterString>
         </hierarchyLevelName>
         <hierarchyLevelName>
            <gco:CharacterString>theme.par.Observation</gco:CharacterString>
         </hierarchyLevelName>
         <hierarchyLevelName>
            <gco:CharacterString>theme.par.Satellite_Data</gco:CharacterString>
         </hierarchyLevelName>
         <hierarchyLevelName>
            <gco:CharacterString>theme.par.GEONETCast</gco:CharacterString>
         </hierarchyLevelName>
         <hierarchyLevelName>
            <gco:CharacterString>SBA.Weather</gco:CharacterString>
         </hierarchyLevelName>
         <hierarchyLevelName>
            <gco:CharacterString>dis.FENGYUNCast</gco:CharacterString>
         </hierarchyLevelName>
         <hierarchyLevelName>
            <gco:CharacterString>dis.EUMETCast-Europe</gco:CharacterString>
         </hierarchyLevelName>
         <contact>
            <CI_ResponsibleParty>

               <organisationName>
                  <gco:CharacterString>JMA</gco:CharacterString>
               </organisationName>
               <contactInfo>
                  <CI_Contact>
                     <address>
                        <CI_Address>
                           <deliveryPoint>
                              <gco:CharacterString>1-3-4 Otemachi</gco:CharacterString>
                           </deliveryPoint>
                           <city>
                              <gco:CharacterString>Tokyo</gco:CharacterString>
                           </city>
                           <administrativeArea>
                              <gco:CharacterString>Chiyoda-ku</gco:CharacterString>
                           </administrativeArea>
                           <postalCode>
                              <gco:CharacterString>100-8122</gco:CharacterString>
                           </postalCode>
                           <country>
                              <gco:CharacterString>Japan</gco:CharacterString>
                           </country>
                           <electronicMailAddress>
                              <gco:CharacterString>info@jma.go.jp</gco:CharacterString>
                           </electronicMailAddress>
                        </CI_Address>
                     </address>
                     <onlineResource>
                        <CI_OnlineResource>
                           <linkage>
                              <URL>http://www.jma.go.jp/jma/indexe.html</URL>
                           </linkage>
                           <protocol>
                              <gco:CharacterString>http</gco:CharacterString>
                           </protocol>
                        </CI_OnlineResource>
                     </onlineResource>
                  </CI_Contact>
               </contactInfo>
               <role>
                  <CI_RoleCode codeList="./resources/codeList.xml#CI_RoleCode" codeListValue="owner"/>
               </role>
            </CI_ResponsibleParty>
         </contact>
         <dateStamp>
            <gco:Date>2009-08-31</gco:Date>
         </dateStamp>
         <metadataStandardName>
            <gco:CharacterString>ISO19115</gco:CharacterString>
         </metadataStandardName>
         <metadataStandardVersion>
            <gco:CharacterString>2003/Cor.1:2006</gco:CharacterString>
         </metadataStandardVersion>
         <identificationInfo>
            <MD_DataIdentification>
               <citation>
                  <CI_Citation>
                     <title>
                        <gco:CharacterString>MTSAT-2 (hourly)</gco:CharacterString>
                     </title>


                     
                     
                     
                     <alternateTitle>
                        <gco:CharacterString>MTSAT1</gco:CharacterString>
                     </alternateTitle>
                     <date>
                        <CI_Date>
                           <date>
                              <gco:Date>2009-03-23</gco:Date>
                           </date>
                           <dateType>
                              <CI_DateTypeCode codeList="./resources/codeList.xml#CI_DateTypeCode" codeListValue="creation"/>
                           </dateType>
                        </CI_Date>
                     </date>
                     <date>
                        <CI_Date>
                           <date>
                              <gco:Date>2010-07-08</gco:Date>
                           </date>
                           <dateType>
                              <CI_DateTypeCode codeList="./resources/codeList.xml#CI_DateTypeCode" codeListValue="revision"/>
                           </dateType>
                        </CI_Date>
                     </date>
                     <date>
                        <CI_Date>
                           <date>
                              <gco:Date>2009-04-23</gco:Date>
                           </date>
                           <dateType>
                              <CI_DateTypeCode codeList="./resources/codeList.xml#CI_DateTypeCode" codeListValue="publication"/>
                           </dateType>
                        </CI_Date>
                     </date>
                     <identifier>
                        <MD_Identifier>
                           <code>
                              <gco:CharacterString>EO:EUM:DAT:MTSAT:MTSAT1</gco:CharacterString>
                           </code>
                        </MD_Identifier>
                     </identifier>


                     
                     
                                       
                     
                                       
                     
                                       <citedResponsibleParty>
                        <CI_ResponsibleParty>
                           <contactInfo>
                              <CI_Contact>
                                 <onlineResource>
                                    <CI_OnlineResource>
                                       <linkage>
                                          <URL>http://www.jma.go.jp/en/gms/</URL>
                                       </linkage>
                                       <name>
                                          <gco:CharacterString>MTSAT_Imagery</gco:CharacterString>
                                       </name>
                                       <function>
                                          <CI_OnLineFunctionCode codeList="CI_OnLineFunctionCode" codeListValue="information"/>
                                       </function>
                                    </CI_OnlineResource>
                                 </onlineResource>
                              </CI_Contact>
                           </contactInfo>
                           <role>
                              <CI_RoleCode codeList="CI_RoleCode" codeListValue="author"/>
                           </role>
                        </CI_ResponsibleParty>
                     </citedResponsibleParty>
                     <citedResponsibleParty>
                        <CI_ResponsibleParty>
                           <contactInfo>
                              <CI_Contact>
                                 <onlineResource>
                                    <CI_OnlineResource>
                                       <linkage>
                                          <URL>http://www.jma.go.jp/jma/jma-eng/satellite/index.html</URL>
                                       </linkage>
                                       <name>
                                          <gco:CharacterString>MTSAT_Homepage</gco:CharacterString>
                                       </name>
                                       <function>
                                          <CI_OnLineFunctionCode codeList="CI_OnLineFunctionCode" codeListValue="information"/>
                                       </function>
                                    </CI_OnlineResource>
                                 </onlineResource>
                              </CI_Contact>
                           </contactInfo>
                           <role>
                              <CI_RoleCode codeList="CI_RoleCode" codeListValue="author"/>
                           </role>
                        </CI_ResponsibleParty>
                     </citedResponsibleParty>
                  </CI_Citation>
               </citation>
               <abstract>
                  <gco:CharacterString>Image data in the form of Low Rate transmissions, in 4 spectral channels: Visible (VIS) 0.55 - 0.90, Infrared 1 (IR1) 10.3 - 11.3, Infrared 3 (IR3) 6.5 - 7.0, Infrared 4 (IR4) 3.5 - 4.0. Note: For the VIS channel 007 there are no data between 12.00 - 19.00 UTC due to under illumination.</gco:CharacterString>
               </abstract>

               <pointOfContact>
                  <CI_ResponsibleParty>
                     <individualName>
                        <gco:CharacterString>Japan Meteorological Agency</gco:CharacterString>
                     </individualName>
                     <organisationName>
                        <gco:CharacterString>JMA</gco:CharacterString>
                     </organisationName>
                     <contactInfo>
                        <CI_Contact>

                           <address>
                              <CI_Address>
                                 <deliveryPoint>
                                    <gco:CharacterString>1-3-4 Otemachi</gco:CharacterString>
                                 </deliveryPoint>
                                 <city>
                                    <gco:CharacterString>Tokyo</gco:CharacterString>
                                 </city>
                                 <administrativeArea>
                                    <gco:CharacterString>Chiyoda-ku</gco:CharacterString>
                                 </administrativeArea>
                                 <postalCode>
                                    <gco:CharacterString>100-8122</gco:CharacterString>
                                 </postalCode>
                                 <country>
                                    <gco:CharacterString>Japan</gco:CharacterString>
                                 </country>
                                 <electronicMailAddress>
                                    <gco:CharacterString>info@jma.go.jp</gco:CharacterString>
                                 </electronicMailAddress>
                              </CI_Address>
                           </address>
                           <onlineResource>
                              <CI_OnlineResource>
                                 <linkage>
                                    <URL>http://www.jma.go.jp/jma/indexe.html</URL>
                                 </linkage>
                                 <protocol>
                                    <gco:CharacterString>http</gco:CharacterString>
                                 </protocol>
                              </CI_OnlineResource>
                           </onlineResource>
                        </CI_Contact>
                     </contactInfo>
                     <role>
                        <CI_RoleCode codeList="./resources/codeList.xml#CI_RoleCode" codeListValue="originator"/>
                     </role>
                  </CI_ResponsibleParty>
               </pointOfContact>

               <graphicOverview>
                  <MD_BrowseGraphic>
                     <fileName>
                        <gco:CharacterString>/smartEditor/preview/201004281300-00.png</gco:CharacterString>
                     </fileName>
                  </MD_BrowseGraphic>
               </graphicOverview>
               <descriptiveKeywords>
                  <MD_Keywords>
                     <keyword>
                        <gco:CharacterString>Weather</gco:CharacterString>
                     </keyword>
                     <type>
                        <MD_KeywordTypeCode codeList="http://metadata.dgiwg.org/codelistRegistry?MD_KeywordTypeCode" codeListValue="socialBenefitArea"/>
                     </type>
                  </MD_Keywords>
               </descriptiveKeywords>
               <descriptiveKeywords>
                  <MD_Keywords>
                     <keyword>
                        <gco:CharacterString>Satellite Data</gco:CharacterString>
                     </keyword>
                     <type>
                        <MD_KeywordTypeCode codeList="http://metadata.dgiwg.org/codelistRegistry?MD_KeywordTypeCode" codeListValue="theme"/>
                     </type>
                  </MD_Keywords>
               </descriptiveKeywords>
               <descriptiveKeywords>
                  <MD_Keywords>
                     <keyword>
                        <gco:CharacterString>Satellite Data</gco:CharacterString>
                     </keyword>
                     <type>
                        <MD_KeywordTypeCode codeList="http://metadata.dgiwg.org/codelistRegistry?MD_KeywordTypeCode" codeListValue="discipline"/>
                     </type>
                  </MD_Keywords>
               </descriptiveKeywords>
               <descriptiveKeywords>
                  <MD_Keywords>
                     <keyword>
                        <gco:CharacterString>Full Disk from 140 degrees E</gco:CharacterString>
                     </keyword>
                     <type>
                        <MD_KeywordTypeCode codeList="http://metadata.dgiwg.org/codelistRegistry?MD_KeywordTypeCode" codeListValue="place"/>
                     </type>
                  </MD_Keywords>
               </descriptiveKeywords>


               <spatialRepresentationType>
                  <MD_SpatialRepresentationTypeCode codeList="MD_SpatialRepresentationTypeCode" codeListValue="grid"/>
               </spatialRepresentationType>

               <language>
                  <gco:CharacterString>eng</gco:CharacterString>
               </language>
               <characterSet>
                  <MD_CharacterSetCode codeList="/resources/codeList.xml#CI_CharacterSetCode" codeListValue="utf8"/>
               </characterSet>

               
               
               
               <topicCategory>
                  <MD_TopicCategoryCode>climatologyMeteorologyAtmosphere</MD_TopicCategoryCode>
               </topicCategory>
               <extent>
                  <EX_Extent>
                     <geographicElement>
                        <EX_GeographicDescription>
                           <geographicIdentifier>
                              <MD_Identifier>
                                 <code>
                                    <gco:CharacterString>Full Disk from 140 degrees E</gco:CharacterString>
                                 </code>
                              </MD_Identifier>
                           </geographicIdentifier>
                        </EX_GeographicDescription>
                     </geographicElement>
                  </EX_Extent>
               </extent>
               <extent>
                  <EX_Extent>
                     <geographicElement>
                        <EX_GeographicBoundingBox>
                           <westBoundLongitude>
                              <gco:Decimal>-180.0</gco:Decimal>
                           </westBoundLongitude>
                           <eastBoundLongitude>
                              <gco:Decimal>180.0</gco:Decimal>
                           </eastBoundLongitude>
                           <southBoundLatitude>
                              <gco:Decimal>-90.0</gco:Decimal>
                           </southBoundLatitude>
                           <northBoundLatitude>
                              <gco:Decimal>90.0</gco:Decimal>
                           </northBoundLatitude>
                        </EX_GeographicBoundingBox>
                     </geographicElement>
                  </EX_Extent>
               </extent>

            </MD_DataIdentification>
         </identificationInfo>
         <contentInfo>
            <gmi:MI_CoverageDescription>
               <attributeDescription>
                  <gco:RecordType/>
               </attributeDescription>
               <contentType>
                  <MD_CoverageContentTypeCode codeList="./resources/codeList.xml#CI_ContentTypeCode" codeListValue=""/>
               </contentType>




               
               
               
               
                           
               
               
               
                           
               
               
               
                           <dimension>
                  <gmi:MI_Band xsi:type="gmi:MI_Band_Type">
                     <descriptor>
                        <gco:CharacterString>VIS</gco:CharacterString>
                     </descriptor>
                     <gmi:nominalSpatialResolution>
                        <gco:Real>1.0</gco:Real>
                     </gmi:nominalSpatialResolution>
                  </gmi:MI_Band>
               </dimension>
               <dimension>
                  <gmi:MI_Band xsi:type="gmi:MI_Band_Type">
                     <descriptor>
                        <gco:CharacterString>IR1</gco:CharacterString>
                     </descriptor>
                     <gmi:nominalSpatialResolution>
                        <gco:Real>1.0</gco:Real>
                     </gmi:nominalSpatialResolution>
                  </gmi:MI_Band>
               </dimension>
               <dimension>
                  <gmi:MI_Band xsi:type="gmi:MI_Band_Type">
                     <descriptor>
                        <gco:CharacterString>IR2</gco:CharacterString>
                     </descriptor>
                     <gmi:nominalSpatialResolution>
                        <gco:Real>1.0</gco:Real>
                     </gmi:nominalSpatialResolution>
                  </gmi:MI_Band>
               </dimension>
               <dimension>
                  <gmi:MI_Band xsi:type="gmi:MI_Band_Type">
                     <descriptor>
                        <gco:CharacterString>IR3</gco:CharacterString>
                     </descriptor>
                     <gmi:nominalSpatialResolution>
                        <gco:Real>1.0</gco:Real>
                     </gmi:nominalSpatialResolution>
                  </gmi:MI_Band>
               </dimension>
            </gmi:MI_CoverageDescription>
         </contentInfo>
         <distributionInfo>
            <MD_Distribution>
               <distributor>
                  <eum:MD_EUMDistributor>
                     <distributorContact>
                        <CI_ResponsibleParty>

                           <organisationName>
                              <gco:CharacterString>JMA</gco:CharacterString>
                           </organisationName>
                           <contactInfo>
                              <CI_Contact>
                                 <address>
                                    <CI_Address>
                                       <deliveryPoint>
                                          <gco:CharacterString>1-3-4 Otemachi</gco:CharacterString>
                                       </deliveryPoint>
                                       <city>
                                          <gco:CharacterString>Tokyo</gco:CharacterString>
                                       </city>
                                       <administrativeArea>
                                          <gco:CharacterString>Chiyoda-ku</gco:CharacterString>
                                       </administrativeArea>
                                       <postalCode>
                                          <gco:CharacterString>100-8122</gco:CharacterString>
                                       </postalCode>
                                       <country>
                                          <gco:CharacterString>Japan</gco:CharacterString>
                                       </country>
                                       <electronicMailAddress>
                                          <gco:CharacterString>info@jma.go.jp</gco:CharacterString>
                                       </electronicMailAddress>
                                    </CI_Address>
                                 </address>
                                 <onlineResource>
                                    <CI_OnlineResource>
                                       <linkage>
                                          <URL>http://www.jma.go.jp/jma/indexe.html</URL>
                                       </linkage>
                                       <protocol>
                                          <gco:CharacterString>http</gco:CharacterString>
                                       </protocol>
                                    </CI_OnlineResource>
                                 </onlineResource>
                              </CI_Contact>
                           </contactInfo>
                           <role>
                              <CI_RoleCode codeList="./resources/codeList.xml#CI_RoleCode" codeListValue="owner"/>
                           </role>
                        </CI_ResponsibleParty>
                     </distributorContact>


                     
                     
                                       
                     
                                       
                     
                                       <eum:digitalTransfers>
                        <eum:MD_EUMDigitalTransfer>
                           <eum:availability>
                              <eum:MD_EUMDigitalTransferOptions>
                                 <onLine>
                                    <CI_OnlineResource>
                                       <linkage>
                                          <URL/>
                                       </linkage>
                                       <protocol>
                                          <gco:CharacterString>http</gco:CharacterString>
                                       </protocol>
                                       <name>
                                          <gco:CharacterString/>
                                       </name>
                                       <function>
                                          <CI_OnLineFunctionCode codeList="CI_OnLineFunctionCode" codeListValue="order"/>
                                       </function>
                                    </CI_OnlineResource>
                                 </onLine>
                                 <eum:availability>
                                    <gco:CharacterString>FENGYUNCast</gco:CharacterString>
                                 </eum:availability>
                                 <eum:aggregateIdentifier>
                                    <gco:CharacterString/>
                                 </eum:aggregateIdentifier>
                                 <eum:eumetcastChannels>
                                    <gco:CharacterString/>
                                 </eum:eumetcastChannels>
                              </eum:MD_EUMDigitalTransferOptions>
                           </eum:availability>
                           <eum:format>
                              <eum:MD_EUMFormat>
                                 <name>
                                    <gco:CharacterString>LRIT (Wavelet compressed)</gco:CharacterString>
                                 </name>
                                 <version>
                                    <gco:CharacterString/>
                                 </version>
                                 <eum:typicalFilename>
                                    <gco:CharacterString>VIS: L-000-MSG2__-MTSAT2_____-00_7_140E-000001_ __-200707040200-C_</gco:CharacterString>
                                 </eum:typicalFilename>
                                 <eum:typicalFilename>
                                    <gco:CharacterString>WV: L-000-MSG2__-MTSAT2_____-06_8_140E-000003__ _-200707040200-C_</gco:CharacterString>
                                 </eum:typicalFilename>
                                 <eum:typicalFilename>
                                    <gco:CharacterString>IR: L-000-MSG2__-MTSAT2_____-10_8_140E-000006__ _-200707040200-C_</gco:CharacterString>
                                 </eum:typicalFilename>
                                 <eum:typicalFilename>
                                    <gco:CharacterString>IR: L-000-MSG2__-MTSAT2_____-03_8_140E-000001__ _-200905080500-C_</gco:CharacterString>
                                 </eum:typicalFilename>
                                 <eum:averageFileSizeUnits>
                                    <gco:CharacterString>MB</gco:CharacterString>
                                 </eum:averageFileSizeUnits>
                                 <eum:averageFileSize>
                                    <gco:Real>1.0</gco:Real>
                                 </eum:averageFileSize>
                                 <eum:frequency>
                                    <gco:CharacterString>16 (per day)</gco:CharacterString>
                                 </eum:frequency>
                              </eum:MD_EUMFormat>
                           </eum:format>
                        </eum:MD_EUMDigitalTransfer>
                     </eum:digitalTransfers>
                     <eum:digitalTransfers>
                        <eum:MD_EUMDigitalTransfer>
                           <eum:availability>
                              <eum:MD_EUMDigitalTransferOptions>
                                 <onLine>
                                    <CI_OnlineResource>
                                       <linkage>
                                          <URL>http://eoportal.eumetsat.int/userMgmt</URL>
                                       </linkage>
                                       <protocol>
                                          <gco:CharacterString>http</gco:CharacterString>
                                       </protocol>
                                       <name>
                                          <gco:CharacterString>EO Portal Registration</gco:CharacterString>
                                       </name>
                                       <function>
                                          <CI_OnLineFunctionCode codeList="CI_OnLineFunctionCode" codeListValue="order"/>
                                       </function>
                                    </CI_OnlineResource>
                                 </onLine>
                                 <onLine>
                                    <CI_OnlineResource>
                                       <linkage>
                                          <URL>http://www.eumetsat.int/Home/Main/What_We_Do/EUMETCast/Reception_Station_Set-up/index.htm?l=en</URL>
                                       </linkage>
                                       <protocol>
                                          <gco:CharacterString>http</gco:CharacterString>
                                       </protocol>
                                       <name>
                                          <gco:CharacterString>Reception Station Set-up</gco:CharacterString>
                                       </name>
                                       <function>
                                          <CI_OnLineFunctionCode codeList="CI_OnLineFunctionCode" codeListValue="order"/>
                                       </function>
                                    </CI_OnlineResource>
                                 </onLine>
                                 <eum:availability>
                                    <gco:CharacterString>EUMETCast-Europe</gco:CharacterString>
                                 </eum:availability>
                                 <eum:aggregateIdentifier>
                                    <gco:CharacterString/>
                                 </eum:aggregateIdentifier>
                                 <eum:eumetcastChannels>
                                    <gco:CharacterString>EUMETSAT Data Channel 4</gco:CharacterString>
                                 </eum:eumetcastChannels>
                              </eum:MD_EUMDigitalTransferOptions>
                           </eum:availability>
                           <eum:format>
                              <eum:MD_EUMFormat>
                                 <name>
                                    <gco:CharacterString>LRIT (Wavelet compressed)</gco:CharacterString>
                                 </name>
                                 <version>
                                    <gco:CharacterString/>
                                 </version>
                                 <eum:typicalFilename>
                                    <gco:CharacterString>VIS: L-000-MSG2__-MTSAT2_____-00_7_140E-000001_ __-200707040200-C_</gco:CharacterString>
                                 </eum:typicalFilename>
                                 <eum:typicalFilename>
                                    <gco:CharacterString>WV: L-000-MSG2__-MTSAT2_____-06_8_140E-000003__ _-200707040200-C_</gco:CharacterString>
                                 </eum:typicalFilename>
                                 <eum:typicalFilename>
                                    <gco:CharacterString>IR: L-000-MSG2__-MTSAT2_____-10_8_140E-000006__ _-200707040200-C_</gco:CharacterString>
                                 </eum:typicalFilename>
                                 <eum:typicalFilename>
                                    <gco:CharacterString>IR: L-000-MSG2__-MTSAT2_____-03_8_140E-000001__ _-200905080500-C_</gco:CharacterString>
                                 </eum:typicalFilename>
                                 <eum:averageFileSizeUnits>
                                    <gco:CharacterString>MB</gco:CharacterString>
                                 </eum:averageFileSizeUnits>
                                 <eum:averageFileSize>
                                    <gco:Real>1.0</gco:Real>
                                 </eum:averageFileSize>
                              </eum:MD_EUMFormat>
                           </eum:format>
                        </eum:MD_EUMDigitalTransfer>
                     </eum:digitalTransfers>
                  </eum:MD_EUMDistributor>
               </distributor>
            </MD_Distribution>
         </distributionInfo>
         <gmi:acquisitionInformation>
            <gmi:MI_AcquisitionInformation>
               <gmi:platform>
                  <eum:MI_EUMPlatform>
                     <gmi:identifier>
                        <MD_Identifier>
                           <code>
                              <gco:CharacterString>MTSAT-1R</gco:CharacterString>
                           </code>
                        </MD_Identifier>
                     </gmi:identifier>
                     <gmi:description>
                        <gco:CharacterString>MTSAT-1R</gco:CharacterString>
                     </gmi:description>

                     
                     
                     
                     <gmi:instrument>
                        <gmi:MI_Instrument>
                           <gmi:citation>
                              <CI_Citation>
                                 <title/>
                                 <date/>
                                 <identifier>
                                    <MD_Identifier>
                                       <code>
                                          <gco:CharacterString/>
                                       </code>
                                    </MD_Identifier>
                                 </identifier>
                              </CI_Citation>
                           </gmi:citation>
                           <gmi:type>
                              <gmi:MI_SensorTypeCode id="optical"/>
                           </gmi:type>
                        </gmi:MI_Instrument>
                     </gmi:instrument>
                     <eum:orbitType>
                        <eum:CI_OrbitTypeCode codeList="./resources/codeList.xml#CI_OrbitTypeCode" codeListValue="GEO"/>
                     </eum:orbitType>
                  </eum:MI_EUMPlatform>
               </gmi:platform>
            </gmi:MI_AcquisitionInformation>
         </gmi:acquisitionInformation>
      </gmi:MI_Metadata>