<?xml version="1.0" encoding="UTF-8"?><gmi:MI_Metadata xmlns:gmi="http://www.isotc211.org/2005/gmi" xmlns="http://www.isotc211.org/2005/gmd" xmlns:date="http://exslt.org/dates-and-times" xmlns:eum="http://www.eumetsat.int/2008/gmi" xmlns:fn="http://www.w3.org/TR/xpath-functions" xmlns:gco="http://www.isotc211.org/2005/gco" xmlns:gmd="http://www.isotc211.org/2005/gmd" xmlns:gml="http://www.opengis.net/gml" xmlns:str="http://exslt.org/strings" xmlns:xdt="http://www.w3.org/2005/02/xpath-datatypes" xmlns:xlink="http://www.w3.org/1999/xlink" xmlns:xs="http://www.w3.org/2001/XMLSchema" xmlns:xsi="http://www.w3.org/2001/XMLSchema-instance" xsi:type="gmi:MI_Metadata_Type">
         <fileIdentifier>
            <gco:CharacterString>EO_EUM_DAT_MULT_SNL</gco:CharacterString>
         </fileIdentifier>
         <language>
            <gco:CharacterString>eng</gco:CharacterString>
         </language>
         <hierarchyLevel>
            <MD_ScopeCode codeList="./resources/codeList.xml#MD_ScopeCode" codeListValue="series"/>
         </hierarchyLevel>












         <hierarchyLevelName>
            <gco:CharacterString>sat.M02</gco:CharacterString>
         </hierarchyLevelName>
         <hierarchyLevelName>
            <gco:CharacterString>sat.M02.AVHRR</gco:CharacterString>
         </hierarchyLevelName>
         <hierarchyLevelName>
            <gco:CharacterString>sat.M02.SEVIRI</gco:CharacterString>
         </hierarchyLevelName>
         <hierarchyLevelName>
            <gco:CharacterString>sat.MSG1</gco:CharacterString>
         </hierarchyLevelName>
         <hierarchyLevelName>
            <gco:CharacterString>sat.MSG2</gco:CharacterString>
         </hierarchyLevelName>
         <hierarchyLevelName>
            <gco:CharacterString>sat.NOAA</gco:CharacterString>
         </hierarchyLevelName>
         <hierarchyLevelName>
            <gco:CharacterString>sat.NOAA.AVHRR</gco:CharacterString>
         </hierarchyLevelName>
         <hierarchyLevelName>
            <gco:CharacterString>SEVIRI</gco:CharacterString>
         </hierarchyLevelName>
         <hierarchyLevelName>
            <gco:CharacterString>theme.par.Radiation</gco:CharacterString>
         </hierarchyLevelName>
         <hierarchyLevelName>
            <gco:CharacterString>theme.par.Atmosphere</gco:CharacterString>
         </hierarchyLevelName>
         <hierarchyLevelName>
            <gco:CharacterString>SBA.Weather</gco:CharacterString>
         </hierarchyLevelName>
         <hierarchyLevelName>
            <gco:CharacterString>SBA.Climate</gco:CharacterString>
         </hierarchyLevelName>
         <hierarchyLevelName>
            <gco:CharacterString>dis.SAFArchive&amp;FTP</gco:CharacterString>
         </hierarchyLevelName>
         <contact>
            <CI_ResponsibleParty>

               <organisationName>
                  <gco:CharacterString>CM SAF</gco:CharacterString>
               </organisationName>
               <contactInfo>
                  <CI_Contact>
                     <address>
                        <CI_Address>
                           <deliveryPoint>
                              <gco:CharacterString>Postfach 10 04 65</gco:CharacterString>
                           </deliveryPoint>
                           <city>
                              <gco:CharacterString>Offenbach</gco:CharacterString>
                           </city>
                           <administrativeArea>
                              <gco:CharacterString>Deutscher Wetterdienst Abteilung Klima und Umwelt</gco:CharacterString>
                           </administrativeArea>
                           <postalCode>
                              <gco:CharacterString>63004</gco:CharacterString>
                           </postalCode>
                           <country>
                              <gco:CharacterString>Germany</gco:CharacterString>
                           </country>
                           <electronicMailAddress>
                              <gco:CharacterString>contact.cmsaf@dwd.de</gco:CharacterString>
                           </electronicMailAddress>
                        </CI_Address>
                     </address>
                     <onlineResource>
                        <CI_OnlineResource>
                           <linkage>
                              <URL>http://www.cmsaf.eu</URL>
                           </linkage>
                           <protocol>
                              <gco:CharacterString>http</gco:CharacterString>
                           </protocol>
                        </CI_OnlineResource>
                     </onlineResource>
                  </CI_Contact>
               </contactInfo>
               <role>
                  <CI_RoleCode codeList="./resources/codeList.xml#CI_RoleCode" codeListValue="owner"/>
               </role>
            </CI_ResponsibleParty>
         </contact>
         <dateStamp>
            <gco:Date>2009-08-31</gco:Date>
         </dateStamp>
         <metadataStandardName>
            <gco:CharacterString>ISO19115</gco:CharacterString>
         </metadataStandardName>
         <metadataStandardVersion>
            <gco:CharacterString>2003/Cor.1:2006</gco:CharacterString>
         </metadataStandardVersion>
         <identificationInfo>
            <MD_DataIdentification>
               <citation>
                  <CI_Citation>
                     <title>
                        <gco:CharacterString>Surface Net Longwave Radiation - Multimission</gco:CharacterString>
                     </title>


                     <alternateTitle>
                        <gco:CharacterString>SNL</gco:CharacterString>
                     </alternateTitle>
                     <alternateTitle>
                        <gco:CharacterString>CLMSNL</gco:CharacterString>
                     </alternateTitle>
                     <date>
                        <CI_Date>
                           <date>
                              <gco:Date>2009-03-23</gco:Date>
                           </date>
                           <dateType>
                              <CI_DateTypeCode codeList="./resources/codeList.xml#CI_DateTypeCode" codeListValue="creation"/>
                           </dateType>
                        </CI_Date>
                     </date>
                     <date>
                        <CI_Date>
                           <date>
                              <gco:Date>2010-04-07</gco:Date>
                           </date>
                           <dateType>
                              <CI_DateTypeCode codeList="./resources/codeList.xml#CI_DateTypeCode" codeListValue="revision"/>
                           </dateType>
                        </CI_Date>
                     </date>
                     <date>
                        <CI_Date>
                           <date>
                              <gco:Date>2009-04-23</gco:Date>
                           </date>
                           <dateType>
                              <CI_DateTypeCode codeList="./resources/codeList.xml#CI_DateTypeCode" codeListValue="publication"/>
                           </dateType>
                        </CI_Date>
                     </date>
                     <identifier>
                        <MD_Identifier>
                           <code>
                              <gco:CharacterString>EO:EUM:DAT:MULT:SNL</gco:CharacterString>
                           </code>
                        </MD_Identifier>
                     </identifier>



                     <citedResponsibleParty>
                        <CI_ResponsibleParty>
                           <contactInfo>
                              <CI_Contact>
                                 <onlineResource>
                                    <CI_OnlineResource>
                                       <linkage>
                                          <URL>http://www.eumetsat.int/Home/Main/What_We_Do/SAFs/Projects/SP_1124289151210?l=en</URL>
                                       </linkage>
                                       <name>
                                          <gco:CharacterString>EUMETSAT_CM_SAF_page</gco:CharacterString>
                                       </name>
                                       <function>
                                          <CI_OnLineFunctionCode codeList="CI_OnLineFunctionCode" codeListValue="information"/>
                                       </function>
                                    </CI_OnlineResource>
                                 </onlineResource>
                              </CI_Contact>
                           </contactInfo>
                           <role>
                              <CI_RoleCode codeList="CI_RoleCode" codeListValue="author"/>
                           </role>
                        </CI_ResponsibleParty>
                     </citedResponsibleParty>
                     <citedResponsibleParty>
                        <CI_ResponsibleParty>
                           <contactInfo>
                              <CI_Contact>
                                 <onlineResource>
                                    <CI_OnlineResource>
                                       <linkage>
                                          <URL>http://www.cmsaf.eu/</URL>
                                       </linkage>
                                       <name>
                                          <gco:CharacterString>Climate_Monitoring_SAF</gco:CharacterString>
                                       </name>
                                       <function>
                                          <CI_OnLineFunctionCode codeList="CI_OnLineFunctionCode" codeListValue="information"/>
                                       </function>
                                    </CI_OnlineResource>
                                 </onlineResource>
                              </CI_Contact>
                           </contactInfo>
                           <role>
                              <CI_RoleCode codeList="CI_RoleCode" codeListValue="author"/>
                           </role>
                        </CI_ResponsibleParty>
                     </citedResponsibleParty>
                     <citedResponsibleParty>
                        <CI_ResponsibleParty>
                           <contactInfo>
                              <CI_Contact>
                                 <onlineResource>
                                    <CI_OnlineResource>
                                       <linkage>
                                          <URL>http://orias.dwd.de/safira/action/viewProduktHome?menuName=PRODUKT_HOME</URL>
                                       </linkage>
                                       <name>
                                          <gco:CharacterString>Climate_Monitoring_SAF_Products</gco:CharacterString>
                                       </name>
                                       <function>
                                          <CI_OnLineFunctionCode codeList="CI_OnLineFunctionCode" codeListValue="information"/>
                                       </function>
                                    </CI_OnlineResource>
                                 </onlineResource>
                              </CI_Contact>
                           </contactInfo>
                           <role>
                              <CI_RoleCode codeList="CI_RoleCode" codeListValue="author"/>
                           </role>
                        </CI_ResponsibleParty>
                     </citedResponsibleParty>
                  </CI_Citation>
               </citation>
               <abstract>
                  <gco:CharacterString>The surface net longwave radiation is defined as the net longwave radiation flux from the earth in the spectral range 5 to 200 microns which causes a loss of thermal energy for the earth's surface. It is expressed in Wm-2.</gco:CharacterString>
               </abstract>
               <status>
                  <MD_ProgressCode codeList="./resources/codeList.xml#CI_OrbitTypeCode" codeListValue="Operational"/>
               </status>
               <pointOfContact>
                  <CI_ResponsibleParty>
                     <individualName>
                        <gco:CharacterString>SAF on Climate Monitoring</gco:CharacterString>
                     </individualName>
                     <organisationName>
                        <gco:CharacterString>CM SAF</gco:CharacterString>
                     </organisationName>
                     <contactInfo>
                        <CI_Contact>
                           <phone>
                              <CI_Telephone>
                                 <voice>
                                    <gco:CharacterString>+49 69 8062 4917 and 18</gco:CharacterString>
                                 </voice>
                                 <facsimile>
                                    <gco:CharacterString>+49 69 8062 3759</gco:CharacterString>
                                 </facsimile>
                              </CI_Telephone>
                           </phone>
                           <address>
                              <CI_Address>
                                 <deliveryPoint>
                                    <gco:CharacterString>Postfach 10 04 65</gco:CharacterString>
                                 </deliveryPoint>
                                 <city>
                                    <gco:CharacterString>Offenbach</gco:CharacterString>
                                 </city>
                                 <administrativeArea>
                                    <gco:CharacterString>Deutscher Wetterdienst Abteilung Klima und Umwelt</gco:CharacterString>
                                 </administrativeArea>
                                 <postalCode>
                                    <gco:CharacterString>63004</gco:CharacterString>
                                 </postalCode>
                                 <country>
                                    <gco:CharacterString>Germany</gco:CharacterString>
                                 </country>
                                 <electronicMailAddress>
                                    <gco:CharacterString>contact.cmsaf@dwd.de</gco:CharacterString>
                                 </electronicMailAddress>
                              </CI_Address>
                           </address>
                           <onlineResource>
                              <CI_OnlineResource>
                                 <linkage>
                                    <URL>http://www.cmsaf.eu</URL>
                                 </linkage>
                                 <protocol>
                                    <gco:CharacterString>http</gco:CharacterString>
                                 </protocol>
                              </CI_OnlineResource>
                           </onlineResource>
                        </CI_Contact>
                     </contactInfo>
                     <role>
                        <CI_RoleCode codeList="./resources/codeList.xml#CI_RoleCode" codeListValue="originator"/>
                     </role>
                  </CI_ResponsibleParty>
               </pointOfContact>
               <graphicOverview>
                  <MD_BrowseGraphic>
                     <fileName>
                        <gco:CharacterString>/smartEditor/preview/climatesnl.jpg</gco:CharacterString>
                     </fileName>
                     <fileDescription>
                        <gco:CharacterString>preview</gco:CharacterString>
                     </fileDescription>
                     <fileType>
                        <gco:CharacterString>jpg</gco:CharacterString>
                     </fileType>
                  </MD_BrowseGraphic>
               </graphicOverview>
               <descriptiveKeywords>
                  <MD_Keywords>
                     <keyword>
                        <gco:CharacterString>Weather</gco:CharacterString>
                     </keyword>
                     <keyword>
                        <gco:CharacterString>Climate</gco:CharacterString>
                     </keyword>
                     <type>
                        <MD_KeywordTypeCode codeList="http://metadata.dgiwg.org/codelistRegistry?MD_KeywordTypeCode" codeListValue="socialBenefitArea"/>
                     </type>
                  </MD_Keywords>
               </descriptiveKeywords>
               <descriptiveKeywords>
                  <MD_Keywords>
                     <keyword>
                        <gco:CharacterString>Atmosphere</gco:CharacterString>
                     </keyword>
                     <type>
                        <MD_KeywordTypeCode codeList="http://metadata.dgiwg.org/codelistRegistry?MD_KeywordTypeCode" codeListValue="theme"/>
                     </type>
                  </MD_Keywords>
               </descriptiveKeywords>
               <descriptiveKeywords>
                  <MD_Keywords>
                     <keyword>
                        <gco:CharacterString>Atmosphere</gco:CharacterString>
                     </keyword>
                     <type>
                        <MD_KeywordTypeCode codeList="http://metadata.dgiwg.org/codelistRegistry?MD_KeywordTypeCode" codeListValue="discipline"/>
                     </type>
                  </MD_Keywords>
               </descriptiveKeywords>
               <descriptiveKeywords>
                  <MD_Keywords>
                     <keyword>
                        <gco:CharacterString>Full Global</gco:CharacterString>
                     </keyword>
                     <type>
                        <MD_KeywordTypeCode codeList="http://metadata.dgiwg.org/codelistRegistry?MD_KeywordTypeCode" codeListValue="place"/>
                     </type>
                  </MD_Keywords>
               </descriptiveKeywords>

               <resourceConstraints>
                  <MD_LegalConstraints>
                     <useConstraints>
                        <MD_RestrictionCode codeList="http://metadata.dgiwg.org/codelistRegistry?MD_RestrictionCode" codeListValue="copyright"/>
                     </useConstraints>
                  </MD_LegalConstraints>
               </resourceConstraints>
               <spatialRepresentationType>
                  <MD_SpatialRepresentationTypeCode codeList="MD_SpatialRepresentationTypeCode" codeListValue="grid"/>
               </spatialRepresentationType>

               <language>
                  <gco:CharacterString>eng</gco:CharacterString>
               </language>
               <characterSet>
                  <MD_CharacterSetCode codeList="/resources/codeList.xml#CI_CharacterSetCode" codeListValue="utf8"/>
               </characterSet>

               <topicCategory>
                  <MD_TopicCategoryCode>climatologyMeteorologyAtmosphere</MD_TopicCategoryCode>
               </topicCategory>
               <extent>
                  <EX_Extent>
                     <geographicElement>
                        <EX_GeographicDescription>
                           <geographicIdentifier>
                              <MD_Identifier>
                                 <code>
                                    <gco:CharacterString>Full Global</gco:CharacterString>
                                 </code>
                              </MD_Identifier>
                           </geographicIdentifier>
                        </EX_GeographicDescription>
                     </geographicElement>
                  </EX_Extent>
               </extent>
               <extent>
                  <EX_Extent>
                     <geographicElement>
                        <EX_GeographicBoundingBox>
                           <westBoundLongitude>
                              <gco:Decimal>-65.0</gco:Decimal>
                           </westBoundLongitude>
                           <eastBoundLongitude>
                              <gco:Decimal>60.0</gco:Decimal>
                           </eastBoundLongitude>
                           <southBoundLatitude>
                              <gco:Decimal>30.0</gco:Decimal>
                           </southBoundLatitude>
                           <northBoundLatitude>
                              <gco:Decimal>80.0</gco:Decimal>
                           </northBoundLatitude>
                        </EX_GeographicBoundingBox>
                     </geographicElement>
                  </EX_Extent>
               </extent>
               <extent>
                  <EX_Extent>
                     <temporalElement>
                        <EX_TemporalExtent>
                           <extent>
                              <gml:TimePeriod gml:id="ID0006">
                                 <gml:beginPosition>2010-03-25</gml:beginPosition>
                                 <gml:endPosition/>
                              </gml:TimePeriod>
                           </extent>
                        </EX_TemporalExtent>
                     </temporalElement>
                  </EX_Extent>
               </extent>
            </MD_DataIdentification>
         </identificationInfo>
         <contentInfo>
            <gmi:MI_CoverageDescription>
               <attributeDescription>
                  <gco:RecordType/>
               </attributeDescription>
               <contentType>
                  <MD_CoverageContentTypeCode codeList="./resources/codeList.xml#CI_ContentTypeCode" codeListValue=""/>
               </contentType>
            </gmi:MI_CoverageDescription>
         </contentInfo>
         <distributionInfo>
            <MD_Distribution>
               <distributor>
                  <eum:MD_EUMDistributor>
                     <distributorContact>
                        <CI_ResponsibleParty>

                           <organisationName>
                              <gco:CharacterString>CM SAF</gco:CharacterString>
                           </organisationName>
                           <contactInfo>
                              <CI_Contact>
                                 <address>
                                    <CI_Address>
                                       <deliveryPoint>
                                          <gco:CharacterString>Postfach 10 04 65</gco:CharacterString>
                                       </deliveryPoint>
                                       <city>
                                          <gco:CharacterString>Offenbach</gco:CharacterString>
                                       </city>
                                       <administrativeArea>
                                          <gco:CharacterString>Deutscher Wetterdienst Abteilung Klima und Umwelt</gco:CharacterString>
                                       </administrativeArea>
                                       <postalCode>
                                          <gco:CharacterString>63004</gco:CharacterString>
                                       </postalCode>
                                       <country>
                                          <gco:CharacterString>Germany</gco:CharacterString>
                                       </country>
                                       <electronicMailAddress>
                                          <gco:CharacterString>contact.cmsaf@dwd.de</gco:CharacterString>
                                       </electronicMailAddress>
                                    </CI_Address>
                                 </address>
                                 <onlineResource>
                                    <CI_OnlineResource>
                                       <linkage>
                                          <URL>http://www.cmsaf.eu</URL>
                                       </linkage>
                                       <protocol>
                                          <gco:CharacterString>http</gco:CharacterString>
                                       </protocol>
                                    </CI_OnlineResource>
                                 </onlineResource>
                              </CI_Contact>
                           </contactInfo>
                           <role>
                              <CI_RoleCode codeList="./resources/codeList.xml#CI_RoleCode" codeListValue="owner"/>
                           </role>
                        </CI_ResponsibleParty>
                     </distributorContact>

                     <eum:digitalTransfers>
                        <eum:MD_EUMDigitalTransfer>
                           <eum:availability>
                              <eum:MD_EUMDigitalTransferOptions>
                                 <onLine>
                                    <CI_OnlineResource>
                                       <linkage>
                                          <URL/>
                                       </linkage>
                                       <protocol>
                                          <gco:CharacterString>http</gco:CharacterString>
                                       </protocol>
                                       <name>
                                          <gco:CharacterString/>
                                       </name>
                                       <function>
                                          <CI_OnLineFunctionCode codeList="CI_OnLineFunctionCode" codeListValue="order"/>
                                       </function>
                                    </CI_OnlineResource>
                                 </onLine>
                                 <onLine>
                                    <CI_OnlineResource>
                                       <linkage>
                                          <URL/>
                                       </linkage>
                                       <protocol>
                                          <gco:CharacterString>http</gco:CharacterString>
                                       </protocol>
                                       <name>
                                          <gco:CharacterString/>
                                       </name>
                                       <function>
                                          <CI_OnLineFunctionCode codeList="CI_OnLineFunctionCode" codeListValue="order"/>
                                       </function>
                                    </CI_OnlineResource>
                                 </onLine>
                                 <onLine>
                                    <CI_OnlineResource>
                                       <linkage>
                                          <URL>http://www.cmsaf.eu</URL>
                                       </linkage>
                                       <protocol>
                                          <gco:CharacterString>http</gco:CharacterString>
                                       </protocol>
                                       <name>
                                          <gco:CharacterString>CM_SAF_Archive_and_FTP</gco:CharacterString>
                                       </name>
                                       <function>
                                          <CI_OnLineFunctionCode codeList="CI_OnLineFunctionCode" codeListValue="order"/>
                                       </function>
                                    </CI_OnlineResource>
                                 </onLine>
                                 <eum:availability>
                                    <gco:CharacterString>SAF Archive &amp; FTP</gco:CharacterString>
                                 </eum:availability>
                                 <eum:aggregateIdentifier>
                                    <gco:CharacterString/>
                                 </eum:aggregateIdentifier>
                                 <eum:eumetcastChannels>
                                    <gco:CharacterString/>
                                 </eum:eumetcastChannels>
                              </eum:MD_EUMDigitalTransferOptions>
                           </eum:availability>
                           <eum:format>
                              <eum:MD_EUMFormat>
                                 <name>
                                    <gco:CharacterString/>
                                 </name>
                                 <version>
                                    <gco:CharacterString/>
                                 </version>
                                 <eum:averageFileSize>
                                    <gco:Real>0.0</gco:Real>
                                 </eum:averageFileSize>
                              </eum:MD_EUMFormat>
                           </eum:format>
                        </eum:MD_EUMDigitalTransfer>
                     </eum:digitalTransfers>
                     <eum:digitalTransfers>
                        <eum:MD_EUMDigitalTransfer>
                           <eum:availability>
                              <eum:MD_EUMDigitalTransferOptions>
                                 <onLine>
                                    <CI_OnlineResource>
                                       <linkage>
                                          <URL>http://archive.eumetsat.int/umarf/Jnlp?acronym=CLMSNL</URL>
                                       </linkage>
                                       <protocol>
                                          <gco:CharacterString>http</gco:CharacterString>
                                       </protocol>
                                       <name>
                                          <gco:CharacterString>EUMETSAT Data Centre (2004 data)</gco:CharacterString>
                                       </name>
                                       <function>
                                          <CI_OnLineFunctionCode codeList="CI_OnLineFunctionCode" codeListValue="order"/>
                                       </function>
                                    </CI_OnlineResource>
                                 </onLine>
                                 <eum:availability>
                                    <gco:CharacterString>EUMETSAT Data Centre</gco:CharacterString>
                                 </eum:availability>
                                 <eum:aggregateIdentifier>
                                    <gco:CharacterString/>
                                 </eum:aggregateIdentifier>
                                 <eum:eumetcastChannels>
                                    <gco:CharacterString/>
                                 </eum:eumetcastChannels>
                              </eum:MD_EUMDigitalTransferOptions>
                           </eum:availability>
                           <eum:format>
                              <eum:MD_EUMFormat>
                                 <name>
                                    <gco:CharacterString/>
                                 </name>
                                 <version>
                                    <gco:CharacterString/>
                                 </version>
                                 <eum:averageFileSize>
                                    <gco:Real>0.0</gco:Real>
                                 </eum:averageFileSize>
                              </eum:MD_EUMFormat>
                           </eum:format>
                        </eum:MD_EUMDigitalTransfer>
                     </eum:digitalTransfers>
                  </eum:MD_EUMDistributor>
               </distributor>
            </MD_Distribution>
         </distributionInfo>
         <gmi:acquisitionInformation>
            <gmi:MI_AcquisitionInformation>
               <gmi:platform>
                  <eum:MI_EUMPlatform>
                     <gmi:identifier>
                        <MD_Identifier>
                           <code>
                              <gco:CharacterString>Metop,MSG,NOAA</gco:CharacterString>
                           </code>
                        </MD_Identifier>
                     </gmi:identifier>
                     <gmi:description>
                        <gco:CharacterString>Metop, NOAA, MSG</gco:CharacterString>
                     </gmi:description>


                     <gmi:instrument>
                        <gmi:MI_Instrument>
                           <gmi:citation>
                              <CI_Citation>
                                 <title/>
                                 <date/>
                                 <identifier>
                                    <MD_Identifier>
                                       <code>
                                          <gco:CharacterString>AVHRR</gco:CharacterString>
                                       </code>
                                    </MD_Identifier>
                                 </identifier>
                              </CI_Citation>
                           </gmi:citation>
                           <gmi:type>
                              <gmi:MI_SensorTypeCode id="optical"/>
                           </gmi:type>
                        </gmi:MI_Instrument>
                     </gmi:instrument>
                     <gmi:instrument>
                        <gmi:MI_Instrument>
                           <gmi:citation>
                              <CI_Citation>
                                 <title/>
                                 <date/>
                                 <identifier>
                                    <MD_Identifier>
                                       <code>
                                          <gco:CharacterString>SEVIRI</gco:CharacterString>
                                       </code>
                                    </MD_Identifier>
                                 </identifier>
                              </CI_Citation>
                           </gmi:citation>
                           <gmi:type>
                              <gmi:MI_SensorTypeCode id="optical."/>
                           </gmi:type>
                        </gmi:MI_Instrument>
                     </gmi:instrument>
                     <eum:orbitType>
                        <eum:CI_OrbitTypeCode codeList="./resources/codeList.xml#CI_OrbitTypeCode" codeListValue="LEO, GEO"/>
                     </eum:orbitType>
                  </eum:MI_EUMPlatform>
               </gmi:platform>
            </gmi:MI_AcquisitionInformation>
         </gmi:acquisitionInformation>
      </gmi:MI_Metadata>