<?xml version="1.0" encoding="UTF-8"?><gmi:MI_Metadata xmlns:gmi="http://www.isotc211.org/2005/gmi" xmlns="http://www.isotc211.org/2005/gmd" xmlns:date="http://exslt.org/dates-and-times" xmlns:eum="http://www.eumetsat.int/2008/gmi" xmlns:fn="http://www.w3.org/TR/xpath-functions" xmlns:gco="http://www.isotc211.org/2005/gco" xmlns:gmd="http://www.isotc211.org/2005/gmd" xmlns:gml="http://www.opengis.net/gml" xmlns:str="http://exslt.org/strings" xmlns:xdt="http://www.w3.org/2005/02/xpath-datatypes" xmlns:xlink="http://www.w3.org/1999/xlink" xmlns:xs="http://www.w3.org/2001/XMLSchema" xmlns:xsi="http://www.w3.org/2001/XMLSchema-instance" xsi:type="gmi:MI_Metadata_Type">
         <fileIdentifier>
            <gco:CharacterString>EO_EUM_DAT_METOP_AMSUL1</gco:CharacterString>
         </fileIdentifier>
         <language>
            <gco:CharacterString>eng</gco:CharacterString>
         </language>
         <hierarchyLevel>
            <MD_ScopeCode codeList="./resources/codeList.xml#MD_ScopeCode" codeListValue="series"/>
         </hierarchyLevel>










         
         
         
         
         
         
         
         
         
         
         
         
         
         
         
         
         
         
         
         
         
         
         
         
         
         
         
         
         
         
         
         
         
         
         
         
         
         
         
         
         
         
         
         
         
         
         
         
         
         
         <hierarchyLevelName>
            <gco:CharacterString>sat.M02</gco:CharacterString>
         </hierarchyLevelName>
         <hierarchyLevelName>
            <gco:CharacterString>sat.M02.AMSU-A</gco:CharacterString>
         </hierarchyLevelName>
         <hierarchyLevelName>
            <gco:CharacterString>theme.par.Observation</gco:CharacterString>
         </hierarchyLevelName>
         <hierarchyLevelName>
            <gco:CharacterString>theme.par.Satellite_Data</gco:CharacterString>
         </hierarchyLevelName>
         <hierarchyLevelName>
            <gco:CharacterString>theme.par.Atmosphere</gco:CharacterString>
         </hierarchyLevelName>
         <hierarchyLevelName>
            <gco:CharacterString>theme.par.GEONETCast</gco:CharacterString>
         </hierarchyLevelName>
         <hierarchyLevelName>
            <gco:CharacterString>SBA.Weather</gco:CharacterString>
         </hierarchyLevelName>
         <hierarchyLevelName>
            <gco:CharacterString>dis.EUMETSATArchive</gco:CharacterString>
         </hierarchyLevelName>
         <hierarchyLevelName>
            <gco:CharacterString>dis.GTS</gco:CharacterString>
         </hierarchyLevelName>
         <hierarchyLevelName>
            <gco:CharacterString>dis.EUMETCast-Europe</gco:CharacterString>
         </hierarchyLevelName>
         <contact>
            <CI_ResponsibleParty>

               <organisationName>
                  <gco:CharacterString>EUMETSAT</gco:CharacterString>
               </organisationName>
               <contactInfo>
                  <CI_Contact>
                     <address>
                        <CI_Address>
                           <deliveryPoint>
                              <gco:CharacterString>EUMETSAT Allee 1</gco:CharacterString>
                           </deliveryPoint>
                           <city>
                              <gco:CharacterString>Darmstadt</gco:CharacterString>
                           </city>
                           <administrativeArea>
                              <gco:CharacterString>Hessen</gco:CharacterString>
                           </administrativeArea>
                           <postalCode>
                              <gco:CharacterString>64295</gco:CharacterString>
                           </postalCode>
                           <country>
                              <gco:CharacterString>Germany</gco:CharacterString>
                           </country>
                           <electronicMailAddress>
                              <gco:CharacterString>ops@eumetsat.int</gco:CharacterString>
                           </electronicMailAddress>
                        </CI_Address>
                     </address>
                     <onlineResource>
                        <CI_OnlineResource>
                           <linkage>
                              <URL>http://www.eumetsat.int</URL>
                           </linkage>
                           <protocol>
                              <gco:CharacterString>http</gco:CharacterString>
                           </protocol>
                        </CI_OnlineResource>
                     </onlineResource>
                  </CI_Contact>
               </contactInfo>
               <role>
                  <CI_RoleCode codeList="./resources/codeList.xml#CI_RoleCode" codeListValue="owner"/>
               </role>
            </CI_ResponsibleParty>
         </contact>
         <dateStamp>
            <gco:Date>2009-08-31</gco:Date>
         </dateStamp>
         <metadataStandardName>
            <gco:CharacterString>ISO19115</gco:CharacterString>
         </metadataStandardName>
         <metadataStandardVersion>
            <gco:CharacterString>2003/Cor.1:2006</gco:CharacterString>
         </metadataStandardVersion>
         <identificationInfo>
            <MD_DataIdentification>
               <citation>
                  <CI_Citation>
                     <title>
                        <gco:CharacterString>AMSU-A GDS Level 1B - Metop</gco:CharacterString>
                     </title>


                     
                     
                     
                     
                     
                     
                     
                     
                     
                     
                     <alternateTitle>
                        <gco:CharacterString>AMSUL1</gco:CharacterString>
                     </alternateTitle>
                     <alternateTitle>
                        <gco:CharacterString>AMSxxx1B</gco:CharacterString>
                     </alternateTitle>
                     <date>
                        <CI_Date>
                           <date>
                              <gco:Date>2009-03-23</gco:Date>
                           </date>
                           <dateType>
                              <CI_DateTypeCode codeList="./resources/codeList.xml#CI_DateTypeCode" codeListValue="creation"/>
                           </dateType>
                        </CI_Date>
                     </date>
                     <date>
                        <CI_Date>
                           <date>
                              <gco:Date>2010-06-21</gco:Date>
                           </date>
                           <dateType>
                              <CI_DateTypeCode codeList="./resources/codeList.xml#CI_DateTypeCode" codeListValue="revision"/>
                           </dateType>
                        </CI_Date>
                     </date>
                     <date>
                        <CI_Date>
                           <date>
                              <gco:Date>2009-04-23</gco:Date>
                           </date>
                           <dateType>
                              <CI_DateTypeCode codeList="./resources/codeList.xml#CI_DateTypeCode" codeListValue="publication"/>
                           </dateType>
                        </CI_Date>
                     </date>
                     <identifier>
                        <MD_Identifier>
                           <code>
                              <gco:CharacterString>EO:EUM:DAT:METOP:AMSUL1</gco:CharacterString>
                           </code>
                        </MD_Identifier>
                     </identifier>

                     
                                       
                                       
                                       
                                       
                                       <citedResponsibleParty>
                        <CI_ResponsibleParty>
                           <contactInfo>
                              <CI_Contact>
                                 <onlineResource>
                                    <CI_OnlineResource>
                                       <linkage>
                                          <URL>http://www.eumetsat.int/Home/Main/Documentation/Technical_and_Scientific_Documentation/EPS_Product_Guides/index.htm?l=en</URL>
                                       </linkage>
                                       <name>
                                          <gco:CharacterString>EPS_Product_Guides</gco:CharacterString>
                                       </name>
                                       <function>
                                          <CI_OnLineFunctionCode codeList="CI_OnLineFunctionCode" codeListValue="information"/>
                                       </function>
                                    </CI_OnlineResource>
                                 </onlineResource>
                              </CI_Contact>
                           </contactInfo>
                           <role>
                              <CI_RoleCode codeList="CI_RoleCode" codeListValue="author"/>
                           </role>
                        </CI_ResponsibleParty>
                     </citedResponsibleParty>
                  </CI_Citation>
               </citation>
               <abstract>
                  <gco:CharacterString>The Advanced Microwave Sounding Unit-A (AMSU-A) is a 15-channel microwave radiometer that is used for measuring global atmospheric temperature profiles and will provide information on atmospheric water in all of its phases (with the exception of small ice particles, which are transparent at microwave frequencies). AMSU-A will provide information even in cloudy conditions. AMSU-A measures Earth radiance at frequencies (in GHz) as listed under the instrument channel information.</gco:CharacterString>
               </abstract>
               <status>
                  <MD_ProgressCode codeList="./resources/codeList.xml#CI_OrbitTypeCode" codeListValue="Operational"/>
               </status>
               <pointOfContact>
                  <CI_ResponsibleParty>
                     <individualName>
                        <gco:CharacterString>European Organisation for the Exploitation of Meteorological Satellites</gco:CharacterString>
                     </individualName>
                     <organisationName>
                        <gco:CharacterString>EUMETSAT</gco:CharacterString>
                     </organisationName>
                     <contactInfo>
                        <CI_Contact>
                           <phone>
                              <CI_Telephone>
                                 <voice>
                                    <gco:CharacterString>+49(0)6151-807 366/377</gco:CharacterString>
                                 </voice>
                                 <facsimile>
                                    <gco:CharacterString>+49(0)6151-807 379</gco:CharacterString>
                                 </facsimile>
                              </CI_Telephone>
                           </phone>
                           <address>
                              <CI_Address>
                                 <deliveryPoint>
                                    <gco:CharacterString>EUMETSAT Allee 1</gco:CharacterString>
                                 </deliveryPoint>
                                 <city>
                                    <gco:CharacterString>Darmstadt</gco:CharacterString>
                                 </city>
                                 <administrativeArea>
                                    <gco:CharacterString>Hessen</gco:CharacterString>
                                 </administrativeArea>
                                 <postalCode>
                                    <gco:CharacterString>64295</gco:CharacterString>
                                 </postalCode>
                                 <country>
                                    <gco:CharacterString>Germany</gco:CharacterString>
                                 </country>
                                 <electronicMailAddress>
                                    <gco:CharacterString>ops@eumetsat.int</gco:CharacterString>
                                 </electronicMailAddress>
                              </CI_Address>
                           </address>
                           <onlineResource>
                              <CI_OnlineResource>
                                 <linkage>
                                    <URL>http://www.eumetsat.int</URL>
                                 </linkage>
                                 <protocol>
                                    <gco:CharacterString>http</gco:CharacterString>
                                 </protocol>
                              </CI_OnlineResource>
                           </onlineResource>
                        </CI_Contact>
                     </contactInfo>
                     <role>
                        <CI_RoleCode codeList="./resources/codeList.xml#CI_RoleCode" codeListValue="originator"/>
                     </role>
                  </CI_ResponsibleParty>
               </pointOfContact>

               <descriptiveKeywords>
                  <MD_Keywords>
                     <keyword>
                        <gco:CharacterString>Weather</gco:CharacterString>
                     </keyword>
                     <type>
                        <MD_KeywordTypeCode codeList="http://metadata.dgiwg.org/codelistRegistry?MD_KeywordTypeCode" codeListValue="socialBenefitArea"/>
                     </type>
                  </MD_Keywords>
               </descriptiveKeywords>
               <descriptiveKeywords>
                  <MD_Keywords>
                     <keyword>
                        <gco:CharacterString>Satellite Data</gco:CharacterString>
                     </keyword>
                     <keyword>
                        <gco:CharacterString>Atmosphere</gco:CharacterString>
                     </keyword>
                     <type>
                        <MD_KeywordTypeCode codeList="http://metadata.dgiwg.org/codelistRegistry?MD_KeywordTypeCode" codeListValue="theme"/>
                     </type>
                  </MD_Keywords>
               </descriptiveKeywords>
               <descriptiveKeywords>
                  <MD_Keywords>
                     <keyword>
                        <gco:CharacterString>Satellite Data</gco:CharacterString>
                     </keyword>
                     <keyword>
                        <gco:CharacterString>Atmosphere</gco:CharacterString>
                     </keyword>
                     <type>
                        <MD_KeywordTypeCode codeList="http://metadata.dgiwg.org/codelistRegistry?MD_KeywordTypeCode" codeListValue="discipline"/>
                     </type>
                  </MD_Keywords>
               </descriptiveKeywords>
               <descriptiveKeywords>
                  <MD_Keywords>
                     <keyword>
                        <gco:CharacterString>Full Global</gco:CharacterString>
                     </keyword>
                     <type>
                        <MD_KeywordTypeCode codeList="http://metadata.dgiwg.org/codelistRegistry?MD_KeywordTypeCode" codeListValue="place"/>
                     </type>
                  </MD_Keywords>
               </descriptiveKeywords>

               <resourceConstraints>
                  <MD_LegalConstraints>
                     <useConstraints>
                        <MD_RestrictionCode codeList="http://metadata.dgiwg.org/codelistRegistry?MD_RestrictionCode" codeListValue="copyright"/>
                     </useConstraints>
                  </MD_LegalConstraints>
               </resourceConstraints>
               <spatialRepresentationType>
                  <MD_SpatialRepresentationTypeCode codeList="MD_SpatialRepresentationTypeCode" codeListValue="grid"/>
               </spatialRepresentationType>

               <language>
                  <gco:CharacterString>eng</gco:CharacterString>
               </language>
               <characterSet>
                  <MD_CharacterSetCode codeList="/resources/codeList.xml#CI_CharacterSetCode" codeListValue="utf8"/>
               </characterSet>

               
               
               
               
               
               <topicCategory>
                  <MD_TopicCategoryCode>climatologyMeteorologyAtmosphere</MD_TopicCategoryCode>
               </topicCategory>
               <extent>
                  <EX_Extent>
                     <geographicElement>
                        <EX_GeographicDescription>
                           <geographicIdentifier>
                              <MD_Identifier>
                                 <code>
                                    <gco:CharacterString>Full Global</gco:CharacterString>
                                 </code>
                              </MD_Identifier>
                           </geographicIdentifier>
                        </EX_GeographicDescription>
                     </geographicElement>
                  </EX_Extent>
               </extent>
               <extent>
                  <EX_Extent>
                     <geographicElement>
                        <EX_GeographicBoundingBox>
                           <westBoundLongitude>
                              <gco:Decimal>-180.0</gco:Decimal>
                           </westBoundLongitude>
                           <eastBoundLongitude>
                              <gco:Decimal>180.0</gco:Decimal>
                           </eastBoundLongitude>
                           <southBoundLatitude>
                              <gco:Decimal>-90.0</gco:Decimal>
                           </southBoundLatitude>
                           <northBoundLatitude>
                              <gco:Decimal>90.0</gco:Decimal>
                           </northBoundLatitude>
                        </EX_GeographicBoundingBox>
                     </geographicElement>
                  </EX_Extent>
               </extent>
               <extent>
                  <EX_Extent>
                     <temporalElement>
                        <EX_TemporalExtent>
                           <extent>
                              <gml:TimePeriod gml:id="ID0006">
                                 <gml:beginPosition>2008-03-01</gml:beginPosition>
                                 <gml:endPosition/>
                              </gml:TimePeriod>
                           </extent>
                        </EX_TemporalExtent>
                     </temporalElement>
                  </EX_Extent>
               </extent>
            </MD_DataIdentification>
         </identificationInfo>
         <contentInfo>
            <gmi:MI_CoverageDescription>
               <attributeDescription>
                  <gco:RecordType/>
               </attributeDescription>
               <contentType>
                  <MD_CoverageContentTypeCode codeList="./resources/codeList.xml#CI_ContentTypeCode" codeListValue=""/>
               </contentType>















               
               
               
               
               
               
               
               
               
               
               
               
               
               
               
                           
               
               
               
               
               
               
               
               
               
               
               
               
               
               
                           
               
               
               
               
               
               
               
               
               
               
               
               
               
               
                           
               
               
               
               
               
               
               
               
               
               
               
               
               
               
                           
               
               
               
               
               
               
               
               
               
               
               
               
               
               
                           <dimension>
                  <gmi:MI_Band xsi:type="gmi:MI_Band_Type">
                     <descriptor>
                        <gco:CharacterString>28.8</gco:CharacterString>
                     </descriptor>
                     <gmi:nominalSpatialResolution>
                        <gco:Real>1.0</gco:Real>
                     </gmi:nominalSpatialResolution>
                  </gmi:MI_Band>
               </dimension>
               <dimension>
                  <gmi:MI_Band xsi:type="gmi:MI_Band_Type">
                     <descriptor>
                        <gco:CharacterString>31.4</gco:CharacterString>
                     </descriptor>
                     <gmi:nominalSpatialResolution>
                        <gco:Real>1.0</gco:Real>
                     </gmi:nominalSpatialResolution>
                  </gmi:MI_Band>
               </dimension>
               <dimension>
                  <gmi:MI_Band xsi:type="gmi:MI_Band_Type">
                     <descriptor>
                        <gco:CharacterString>50.3</gco:CharacterString>
                     </descriptor>
                     <gmi:nominalSpatialResolution>
                        <gco:Real>1.0</gco:Real>
                     </gmi:nominalSpatialResolution>
                  </gmi:MI_Band>
               </dimension>
               <dimension>
                  <gmi:MI_Band xsi:type="gmi:MI_Band_Type">
                     <descriptor>
                        <gco:CharacterString>52.8</gco:CharacterString>
                     </descriptor>
                     <gmi:nominalSpatialResolution>
                        <gco:Real>1.0</gco:Real>
                     </gmi:nominalSpatialResolution>
                  </gmi:MI_Band>
               </dimension>
               <dimension>
                  <gmi:MI_Band xsi:type="gmi:MI_Band_Type">
                     <descriptor>
                        <gco:CharacterString>53.59 +- 0.115</gco:CharacterString>
                     </descriptor>
                     <gmi:nominalSpatialResolution>
                        <gco:Real>1.0</gco:Real>
                     </gmi:nominalSpatialResolution>
                  </gmi:MI_Band>
               </dimension>
               <dimension>
                  <gmi:MI_Band xsi:type="gmi:MI_Band_Type">
                     <descriptor>
                        <gco:CharacterString>54.40</gco:CharacterString>
                     </descriptor>
                     <gmi:nominalSpatialResolution>
                        <gco:Real>1.0</gco:Real>
                     </gmi:nominalSpatialResolution>
                  </gmi:MI_Band>
               </dimension>
               <dimension>
                  <gmi:MI_Band xsi:type="gmi:MI_Band_Type">
                     <descriptor>
                        <gco:CharacterString>54.94</gco:CharacterString>
                     </descriptor>
                     <gmi:nominalSpatialResolution>
                        <gco:Real>1.0</gco:Real>
                     </gmi:nominalSpatialResolution>
                  </gmi:MI_Band>
               </dimension>
               <dimension>
                  <gmi:MI_Band xsi:type="gmi:MI_Band_Type">
                     <descriptor>
                        <gco:CharacterString>55.50</gco:CharacterString>
                     </descriptor>
                     <gmi:nominalSpatialResolution>
                        <gco:Real>1.0</gco:Real>
                     </gmi:nominalSpatialResolution>
                  </gmi:MI_Band>
               </dimension>
               <dimension>
                  <gmi:MI_Band xsi:type="gmi:MI_Band_Type">
                     <descriptor>
                        <gco:CharacterString>57.290344</gco:CharacterString>
                     </descriptor>
                     <gmi:nominalSpatialResolution>
                        <gco:Real>1.0</gco:Real>
                     </gmi:nominalSpatialResolution>
                  </gmi:MI_Band>
               </dimension>
               <dimension>
                  <gmi:MI_Band xsi:type="gmi:MI_Band_Type">
                     <descriptor>
                        <gco:CharacterString>57.290344 +- 0.217</gco:CharacterString>
                     </descriptor>
                     <gmi:nominalSpatialResolution>
                        <gco:Real>1.0</gco:Real>
                     </gmi:nominalSpatialResolution>
                  </gmi:MI_Band>
               </dimension>
               <dimension>
                  <gmi:MI_Band xsi:type="gmi:MI_Band_Type">
                     <descriptor>
                        <gco:CharacterString>57.290344 +- 0.322 +- 0.048</gco:CharacterString>
                     </descriptor>
                     <gmi:nominalSpatialResolution>
                        <gco:Real>1.0</gco:Real>
                     </gmi:nominalSpatialResolution>
                  </gmi:MI_Band>
               </dimension>
               <dimension>
                  <gmi:MI_Band xsi:type="gmi:MI_Band_Type">
                     <descriptor>
                        <gco:CharacterString>57.290344 +- 0.322 +- 0.022</gco:CharacterString>
                     </descriptor>
                     <gmi:nominalSpatialResolution>
                        <gco:Real>1.0</gco:Real>
                     </gmi:nominalSpatialResolution>
                  </gmi:MI_Band>
               </dimension>
               <dimension>
                  <gmi:MI_Band xsi:type="gmi:MI_Band_Type">
                     <descriptor>
                        <gco:CharacterString>57.290344 +- 0.322 +- 0.010</gco:CharacterString>
                     </descriptor>
                     <gmi:nominalSpatialResolution>
                        <gco:Real>1.0</gco:Real>
                     </gmi:nominalSpatialResolution>
                  </gmi:MI_Band>
               </dimension>
               <dimension>
                  <gmi:MI_Band xsi:type="gmi:MI_Band_Type">
                     <descriptor>
                        <gco:CharacterString>57.290344 +- 0.322 +- 0.0045</gco:CharacterString>
                     </descriptor>
                     <gmi:nominalSpatialResolution>
                        <gco:Real>1.0</gco:Real>
                     </gmi:nominalSpatialResolution>
                  </gmi:MI_Band>
               </dimension>
               <dimension>
                  <gmi:MI_Band xsi:type="gmi:MI_Band_Type">
                     <descriptor>
                        <gco:CharacterString>89.0</gco:CharacterString>
                     </descriptor>
                     <gmi:nominalSpatialResolution>
                        <gco:Real>1.0</gco:Real>
                     </gmi:nominalSpatialResolution>
                  </gmi:MI_Band>
               </dimension>
            </gmi:MI_CoverageDescription>
         </contentInfo>
         <distributionInfo>
            <MD_Distribution>
               <distributor>
                  <eum:MD_EUMDistributor>
                     <distributorContact>
                        <CI_ResponsibleParty>

                           <organisationName>
                              <gco:CharacterString>EUMETSAT</gco:CharacterString>
                           </organisationName>
                           <contactInfo>
                              <CI_Contact>
                                 <address>
                                    <CI_Address>
                                       <deliveryPoint>
                                          <gco:CharacterString>EUMETSAT Allee 1</gco:CharacterString>
                                       </deliveryPoint>
                                       <city>
                                          <gco:CharacterString>Darmstadt</gco:CharacterString>
                                       </city>
                                       <administrativeArea>
                                          <gco:CharacterString>Hessen</gco:CharacterString>
                                       </administrativeArea>
                                       <postalCode>
                                          <gco:CharacterString>64295</gco:CharacterString>
                                       </postalCode>
                                       <country>
                                          <gco:CharacterString>Germany</gco:CharacterString>
                                       </country>
                                       <electronicMailAddress>
                                          <gco:CharacterString>ops@eumetsat.int</gco:CharacterString>
                                       </electronicMailAddress>
                                    </CI_Address>
                                 </address>
                                 <onlineResource>
                                    <CI_OnlineResource>
                                       <linkage>
                                          <URL>http://www.eumetsat.int</URL>
                                       </linkage>
                                       <protocol>
                                          <gco:CharacterString>http</gco:CharacterString>
                                       </protocol>
                                    </CI_OnlineResource>
                                 </onlineResource>
                              </CI_Contact>
                           </contactInfo>
                           <role>
                              <CI_RoleCode codeList="./resources/codeList.xml#CI_RoleCode" codeListValue="owner"/>
                           </role>
                        </CI_ResponsibleParty>
                     </distributorContact>



                     
                     
                     
                                       
                     
                     
                                       
                     
                     
                                       
                     
                     
                                       
                     
                     
                                       <eum:digitalTransfers>
                        <eum:MD_EUMDigitalTransfer>
                           <eum:availability>
                              <eum:MD_EUMDigitalTransferOptions>
                                 <onLine>
                                    <CI_OnlineResource>
                                       <linkage>
                                          <URL>http://archive.eumetsat.int/umarf/Jnlp?acronym=AMSxxx1B</URL>
                                       </linkage>
                                       <protocol>
                                          <gco:CharacterString>http</gco:CharacterString>
                                       </protocol>
                                       <name>
                                          <gco:CharacterString>EUMETSAT Data Centre</gco:CharacterString>
                                       </name>
                                       <function>
                                          <CI_OnLineFunctionCode codeList="CI_OnLineFunctionCode" codeListValue="order"/>
                                       </function>
                                    </CI_OnlineResource>
                                 </onLine>
                                 <eum:availability>
                                    <gco:CharacterString>EUMETSAT Data Centre</gco:CharacterString>
                                 </eum:availability>
                                 <eum:aggregateIdentifier>
                                    <gco:CharacterString/>
                                 </eum:aggregateIdentifier>
                                 <eum:eumetcastChannels>
                                    <gco:CharacterString/>
                                 </eum:eumetcastChannels>
                              </eum:MD_EUMDigitalTransferOptions>
                           </eum:availability>
                           <eum:format>
                              <eum:MD_EUMFormat>
                                 <name>
                                    <gco:CharacterString>NATIVE</gco:CharacterString>
                                 </name>
                                 <version>
                                    <gco:CharacterString/>
                                 </version>
                                 <eum:averageFileSizeUnits>
                                    <gco:CharacterString>MB</gco:CharacterString>
                                 </eum:averageFileSizeUnits>
                                 <eum:averageFileSize>
                                    <gco:Real>3.0</gco:Real>
                                 </eum:averageFileSize>
                                 <eum:frequency>
                                    <gco:CharacterString>15 (per day)</gco:CharacterString>
                                 </eum:frequency>
                              </eum:MD_EUMFormat>
                           </eum:format>
                           <eum:format>
                              <eum:MD_EUMFormat>
                                 <name>
                                    <gco:CharacterString>HDF5EPS</gco:CharacterString>
                                 </name>
                                 <version>
                                    <gco:CharacterString/>
                                 </version>
                                 <eum:averageFileSizeUnits>
                                    <gco:CharacterString>MB</gco:CharacterString>
                                 </eum:averageFileSizeUnits>
                                 <eum:averageFileSize>
                                    <gco:Real>3.0</gco:Real>
                                 </eum:averageFileSize>
                                 <eum:frequency>
                                    <gco:CharacterString>15 (per day)</gco:CharacterString>
                                 </eum:frequency>
                              </eum:MD_EUMFormat>
                           </eum:format>
                           <eum:format>
                              <eum:MD_EUMFormat>
                                 <name>
                                    <gco:CharacterString>J2KBW, JPEGBW, PNGBW, TIFFBW</gco:CharacterString>
                                 </name>
                                 <version>
                                    <gco:CharacterString/>
                                 </version>
                                 <eum:averageFileSizeUnits>
                                    <gco:CharacterString>MB</gco:CharacterString>
                                 </eum:averageFileSizeUnits>
                                 <eum:averageFileSize>
                                    <gco:Real>3.0</gco:Real>
                                 </eum:averageFileSize>
                                 <eum:frequency>
                                    <gco:CharacterString>15 (per day)</gco:CharacterString>
                                 </eum:frequency>
                              </eum:MD_EUMFormat>
                           </eum:format>
                           <eum:format>
                              <eum:MD_EUMFormat>
                                 <name>
                                    <gco:CharacterString>BUFR</gco:CharacterString>
                                 </name>
                                 <version>
                                    <gco:CharacterString/>
                                 </version>
                                 <eum:averageFileSizeUnits>
                                    <gco:CharacterString>MB</gco:CharacterString>
                                 </eum:averageFileSizeUnits>
                                 <eum:averageFileSize>
                                    <gco:Real>1.0</gco:Real>
                                 </eum:averageFileSize>
                                 <eum:frequency>
                                    <gco:CharacterString>15 (per day)</gco:CharacterString>
                                 </eum:frequency>
                              </eum:MD_EUMFormat>
                           </eum:format>
                        </eum:MD_EUMDigitalTransfer>
                     </eum:digitalTransfers>
                     <eum:digitalTransfers>
                        <eum:MD_EUMDigitalTransfer>
                           <eum:availability>
                              <eum:MD_EUMDigitalTransferOptions>
                                 <onLine>
                                    <CI_OnlineResource>
                                       <linkage>
                                          <URL/>
                                       </linkage>
                                       <protocol>
                                          <gco:CharacterString>http</gco:CharacterString>
                                       </protocol>
                                       <name>
                                          <gco:CharacterString/>
                                       </name>
                                       <function>
                                          <CI_OnLineFunctionCode codeList="CI_OnLineFunctionCode" codeListValue="order"/>
                                       </function>
                                    </CI_OnlineResource>
                                 </onLine>
                                 <eum:availability>
                                    <gco:CharacterString>GTS</gco:CharacterString>
                                 </eum:availability>
                                 <eum:aggregateIdentifier>
                                    <gco:CharacterString/>
                                 </eum:aggregateIdentifier>
                                 <eum:eumetcastChannels>
                                    <gco:CharacterString/>
                                 </eum:eumetcastChannels>
                              </eum:MD_EUMDigitalTransferOptions>
                           </eum:availability>
                           <eum:format>
                              <eum:MD_EUMFormat>
                                 <name>
                                    <gco:CharacterString>BUFR</gco:CharacterString>
                                 </name>
                                 <version>
                                    <gco:CharacterString/>
                                 </version>
                                 <eum:averageFileSizeUnits>
                                    <gco:CharacterString>KB</gco:CharacterString>
                                 </eum:averageFileSizeUnits>
                                 <eum:averageFileSize>
                                    <gco:Real>26.0</gco:Real>
                                 </eum:averageFileSize>
                              </eum:MD_EUMFormat>
                           </eum:format>
                        </eum:MD_EUMDigitalTransfer>
                     </eum:digitalTransfers>
                     <eum:digitalTransfers>
                        <eum:MD_EUMDigitalTransfer>
                           <eum:availability>
                              <eum:MD_EUMDigitalTransferOptions>
                                 <onLine>
                                    <CI_OnlineResource>
                                       <linkage>
                                          <URL>http://eoportal.eumetsat.int/userMgmt</URL>
                                       </linkage>
                                       <protocol>
                                          <gco:CharacterString>http</gco:CharacterString>
                                       </protocol>
                                       <name>
                                          <gco:CharacterString>EO Portal Registration</gco:CharacterString>
                                       </name>
                                       <function>
                                          <CI_OnLineFunctionCode codeList="CI_OnLineFunctionCode" codeListValue="order"/>
                                       </function>
                                    </CI_OnlineResource>
                                 </onLine>
                                 <onLine>
                                    <CI_OnlineResource>
                                       <linkage>
                                          <URL>http://www.eumetsat.int/Home/Main/What_We_Do/EUMETCast/Reception_Station_Set-up/index.htm?l=en</URL>
                                       </linkage>
                                       <protocol>
                                          <gco:CharacterString>http</gco:CharacterString>
                                       </protocol>
                                       <name>
                                          <gco:CharacterString>Reception Station Set-up</gco:CharacterString>
                                       </name>
                                       <function>
                                          <CI_OnLineFunctionCode codeList="CI_OnLineFunctionCode" codeListValue="order"/>
                                       </function>
                                    </CI_OnlineResource>
                                 </onLine>
                                 <eum:availability>
                                    <gco:CharacterString>EUMETCast-Europe</gco:CharacterString>
                                 </eum:availability>
                                 <eum:aggregateIdentifier>
                                    <gco:CharacterString/>
                                 </eum:aggregateIdentifier>
                                 <eum:eumetcastChannels>
                                    <gco:CharacterString>EPS-2</gco:CharacterString>
                                 </eum:eumetcastChannels>
                              </eum:MD_EUMDigitalTransferOptions>
                           </eum:availability>
                           <eum:format>
                              <eum:MD_EUMFormat>
                                 <name>
                                    <gco:CharacterString>BUFR</gco:CharacterString>
                                 </name>
                                 <version>
                                    <gco:CharacterString/>
                                 </version>
                                 <eum:typicalFilename>
                                    <gco:CharacterString>amsua_20070630_223121_metopa_03612_eps_o.l1_bufr</gco:CharacterString>
                                 </eum:typicalFilename>
                                 <eum:averageFileSizeUnits>
                                    <gco:CharacterString>KB</gco:CharacterString>
                                 </eum:averageFileSizeUnits>
                                 <eum:averageFileSize>
                                    <gco:Real>26.0</gco:Real>
                                 </eum:averageFileSize>
                              </eum:MD_EUMFormat>
                           </eum:format>
                        </eum:MD_EUMDigitalTransfer>
                     </eum:digitalTransfers>
                  </eum:MD_EUMDistributor>
               </distributor>
            </MD_Distribution>
         </distributionInfo>
         <dataQualityInfo>
            <DQ_DataQuality>
               <scope>
                  <DQ_Scope>
                     <level>
                        <MD_ScopeCode codeList="MD_ScopeCode" codeListValue="series"/>
                     </level>
                  </DQ_Scope>
               </scope>
               <lineage>
                  <LI_Lineage>
                     
                  </LI_Lineage>
               </lineage>
            </DQ_DataQuality>
         </dataQualityInfo>
         <gmi:acquisitionInformation>
            <gmi:MI_AcquisitionInformation>
               <gmi:platform>
                  <eum:MI_EUMPlatform>
                     <gmi:identifier>
                        <MD_Identifier>
                           <code>
                              <gco:CharacterString>Metop</gco:CharacterString>
                           </code>
                        </MD_Identifier>
                     </gmi:identifier>
                     <gmi:description>
                        <gco:CharacterString>Low Earth Orbit Satellite(Metop-A)</gco:CharacterString>
                     </gmi:description>

                     
                     
                     
                     
                     
                     <gmi:instrument>
                        <gmi:MI_Instrument>
                           <gmi:citation>
                              <CI_Citation>
                                 <title/>
                                 <date/>
                                 <identifier>
                                    <MD_Identifier>
                                       <code>
                                          <gco:CharacterString>AMSU-A</gco:CharacterString>
                                       </code>
                                    </MD_Identifier>
                                 </identifier>
                              </CI_Citation>
                           </gmi:citation>
                           <gmi:type>
                              <gmi:MI_SensorTypeCode id="Sounder"/>
                           </gmi:type>
                        </gmi:MI_Instrument>
                     </gmi:instrument>
                     <eum:orbitType>
                        <eum:CI_OrbitTypeCode codeList="./resources/codeList.xml#CI_OrbitTypeCode" codeListValue="LEO"/>
                     </eum:orbitType>
                  </eum:MI_EUMPlatform>
               </gmi:platform>
            </gmi:MI_AcquisitionInformation>
         </gmi:acquisitionInformation>
      </gmi:MI_Metadata>