<?xml version="1.0" encoding="UTF-8"?><gmi:MI_Metadata xmlns:gmi="http://www.isotc211.org/2005/gmi" xmlns:eum="http://www.eumetsat.int/2008/gmi" xmlns:gco="http://www.isotc211.org/2005/gco" xmlns:gmd="http://www.isotc211.org/2005/gmd" xmlns:xsi="http://www.w3.org/2001/XMLSchema-instance" id="VMAP0" uuid="US_NGA_VPF_VMAP0" xsi:schemaLocation="http://www.isotc211.org/2005/gmd ../schemas/apiso/apiso.xsd" xsi:type="gmi:MI_Metadata_Type">
	         <gmd:fileIdentifier>
            <gco:CharacterString>EO_EUM_DAT_FENGYUN_DMG</gco:CharacterString>
         </gmd:fileIdentifier>
         <gmd:hierarchyLevel>
                    <gmd:MD_ScopeCode codeList="MD_ScopeCode" codeListValue="series"/>
             </gmd:hierarchyLevel>
             
         
         
         
         
         
         
         
         
         
         
         
         
         
         
         
         
         
         
         
         
         
         
         
         
         
         
         
         
         <gmd:hierarchyLevelName>
            <gco:CharacterString>sat.FengYun</gco:CharacterString>
         </gmd:hierarchyLevelName>
         <gmd:hierarchyLevelName>
            <gco:CharacterString>dis.FENGYUNCast</gco:CharacterString>
         </gmd:hierarchyLevelName>
         <gmd:hierarchyLevelName>
            <gco:CharacterString>par.Dust</gco:CharacterString>
         </gmd:hierarchyLevelName>
         <gmd:contact>
		            <gmd:CI_ResponsibleParty>
			               <gmd:role>
				                  <gmd:CI_RoleCode codeList="CI_RoleCode" codeListValue="author"/>
			               </gmd:role>
		            </gmd:CI_ResponsibleParty>
	         </gmd:contact>
	         <gmd:dateStamp>
		            <gco:Date>2009-10-22</gco:Date>
	         </gmd:dateStamp>
	         <gmd:metadataStandardName>
		            <gco:CharacterString>ISO19115</gco:CharacterString>
	         </gmd:metadataStandardName>
	         <gmd:metadataStandardVersion>
		            <gco:CharacterString>2003/Cor.1:2006</gco:CharacterString>
	         </gmd:metadataStandardVersion>
	
	         <gmd:identificationInfo>
		            <gmd:MD_DataIdentification>
			               <gmd:citation>
				                  <gmd:CI_Citation>
					                     <gmd:title>
						                        <gco:CharacterString>Dust Monitoring - FengYun 2E</gco:CharacterString>
					                     </gmd:title>
					                     
                     
                     
                     
                     
                     
                     
                     
                     
                     
                     
                     
                     <gmd:alternateTitle>
                        <gco:CharacterString>DMG</gco:CharacterString>
                     </gmd:alternateTitle>
                     <gmd:date>
						                        <gmd:CI_Date>
							                           <gmd:date>
								                              <gco:Date>2009-10-22</gco:Date>
							                           </gmd:date>
							                           <gmd:dateType>
								                              <gmd:CI_DateTypeCode codeList="CI_DateTypeCode" codeListValue="creation"/>
							                           </gmd:dateType>
						                        </gmd:CI_Date>
					                     </gmd:date>
				                     <gmd:date>
                        <gmd:CI_Date>
                           <gmd:date>
                              <gco:Date>2009-10-22</gco:Date>
                           </gmd:date>
                           <gmd:dateType>
                              <gmd:CI_DateTypeCode codeList="CI_DateTypeCode" codeListValue="revision"/>
                           </gmd:dateType>
                        </gmd:CI_Date>
                     </gmd:date>
                     <gmd:date>
                        <gmd:CI_Date>
                           <gmd:date>
                              <gco:Date>2009-10-22</gco:Date>
                           </gmd:date>
                           <gmd:dateType>
                              <gmd:CI_DateTypeCode codeList="CI_DateTypeCode" codeListValue="publication"/>
                           </gmd:dateType>
                        </gmd:CI_Date>
                     </gmd:date>
                     <gmd:identifier>
                        <gmd:MD_Identifier>
                           <gmd:code>
                              <gco:CharacterString>EO:EUM:DAT:FENGYUN:DMG</gco:CharacterString>
                           </gmd:code>
                        </gmd:MD_Identifier>
                     </gmd:identifier>
                     
                                       
                                       
                     
                                       
                     
                                       
                     
                                       
                     
                                       
                     
                                       
                     
                                       
                     
                                       
                     
                                       
                     
                                       
                     
                                       <gmd:citedResponsibleParty>
                        <gmd:CI_ResponsibleParty>
                           <gmd:contactInfo>
                              <gmd:CI_Contact>
                                 <gmd:onlineResource>
                                    <gmd:CI_OnlineResource>
                                       <gmd:linkage>
                                          <gmd:URL>http://www.cma.gov.cn/english/</gmd:URL>
                                       </gmd:linkage>
                                       <gmd:name>
                                          <gco:CharacterString>China_Meteorological_Administration</gco:CharacterString>
                                       </gmd:name>
                                       <gmd:function>
                                          <gmd:CI_OnLineFunctionCode codeList="CI_OnLineFunctionCode" codeListValue="information"/>
                                       </gmd:function>
                                    </gmd:CI_OnlineResource>
                                 </gmd:onlineResource>
                              </gmd:CI_Contact>
                           </gmd:contactInfo>
                           <gmd:role>
                              <gmd:CI_RoleCode codeList="CI_RoleCode" codeListValue="author"/>
                           </gmd:role>
                        </gmd:CI_ResponsibleParty>
                     </gmd:citedResponsibleParty>
                     <gmd:citedResponsibleParty>
                        <gmd:CI_ResponsibleParty>
                           <gmd:contactInfo>
                              <gmd:CI_Contact>
                                 <gmd:onlineResource>
                                    <gmd:CI_OnlineResource>
                                       <gmd:linkage>
                                          <gmd:URL>http://www.nsmc.cma.gov.cn/FENGYUNCast/index.html</gmd:URL>
                                       </gmd:linkage>
                                       <gmd:name>
                                          <gco:CharacterString>FENGYUNCast</gco:CharacterString>
                                       </gmd:name>
                                       <gmd:function>
                                          <gmd:CI_OnLineFunctionCode codeList="CI_OnLineFunctionCode" codeListValue="information"/>
                                       </gmd:function>
                                    </gmd:CI_OnlineResource>
                                 </gmd:onlineResource>
                              </gmd:CI_Contact>
                           </gmd:contactInfo>
                           <gmd:role>
                              <gmd:CI_RoleCode codeList="CI_RoleCode" codeListValue="author"/>
                           </gmd:role>
                        </gmd:CI_ResponsibleParty>
                     </gmd:citedResponsibleParty>
                  </gmd:CI_Citation>
			               </gmd:citation>
			               <gmd:abstract>
				                  <gco:CharacterString>Dust Monitoring product. </gco:CharacterString>
			               </gmd:abstract>
			               <gmd:pointOfContact>
                  <gmd:CI_ResponsibleParty>
                     <gmd:individualName>
                        <gco:CharacterString>China Meteorological Administration</gco:CharacterString>
                     </gmd:individualName>
                     <gmd:organisationName>
                        <gco:CharacterString>CMA</gco:CharacterString>
                     </gmd:organisationName>
                     <gmd:contactInfo>
                        <gmd:CI_Contact>
                           <gmd:phone>
                              <gmd:CI_Telephone>
                                 <gmd:voice>
                                    <gco:CharacterString>+86-10-68407703</gco:CharacterString>
                                 </gmd:voice>
                              </gmd:CI_Telephone>
                           </gmd:phone>
                           <gmd:address>
                              <gmd:CI_Address>
                                 <gmd:deliveryPoint>
                                    <gco:CharacterString>No.46, Zhongguancun Nandajie</gco:CharacterString>
                                 </gmd:deliveryPoint>
                                 <gmd:city>
                                    <gco:CharacterString>Beijing</gco:CharacterString>
                                 </gmd:city>
                                 <gmd:administrativeArea>
                                    <gco:CharacterString>Haidian District</gco:CharacterString>
                                 </gmd:administrativeArea>
                                 <gmd:country>
                                    <gco:CharacterString>China</gco:CharacterString>
                                 </gmd:country>
                                 <gmd:electronicMailAddress>
                                    <gco:CharacterString>zhangjs@cma.gov.cn</gco:CharacterString>
                                 </gmd:electronicMailAddress>
                              </gmd:CI_Address>
                           </gmd:address>
                        </gmd:CI_Contact>
                     </gmd:contactInfo>
                     <gmd:role>
                        <gmd:CI_RoleCode codeList="CI_RoleCode" codeListValue="originator"/>
                     </gmd:role>
                  </gmd:CI_ResponsibleParty>
               </gmd:pointOfContact>
               
               <gmd:descriptiveKeywords>
                  <gmd:MD_Keywords>
                     <gmd:keyword>
                        <gco:CharacterString>Atmosphere</gco:CharacterString>
                     </gmd:keyword>
                     
                     <gmd:type>
                        <gmd:MD_KeywordTypeCode codeList="MD_KeywordTypeCode" codeListValue="discipline"/>
                     </gmd:type>
                  </gmd:MD_Keywords>
               </gmd:descriptiveKeywords>
               
               <gmd:language>
				                  <gco:CharacterString>eng</gco:CharacterString>
			               </gmd:language>
		               <gmd:characterSet>
                  <gmd:MD_CharacterSetCode codeList="MD_CharacterSetCode" codeListValue="utf8"/>
               </gmd:characterSet>
               
               
               
               
               
               
               
               
               
               
               
               
               <gmd:topicCategory>
                  <gmd:MD_TopicCategoryCode>climatologyMeteorologyAtmosphere</gmd:MD_TopicCategoryCode>
               </gmd:topicCategory>
               <gmd:extent>
                  <gmd:EX_Extent>
                     <gmd:geographicElement>
                        <gmd:EX_GeographicBoundingBox xsi:type="gmd:EX_GeographicBoundingBox_Type">
                           <gmd:westBoundLongitude>
                              <gco:Decimal>70.0</gco:Decimal>
                           </gmd:westBoundLongitude>
                           <gmd:eastBoundLongitude>
                              <gco:Decimal>140.0</gco:Decimal>
                           </gmd:eastBoundLongitude>
                           <gmd:southBoundLatitude>
                              <gco:Decimal>25.0</gco:Decimal>
                           </gmd:southBoundLatitude>
                           <gmd:northBoundLatitude>
                              <gco:Decimal>60.0</gco:Decimal>
                           </gmd:northBoundLatitude>
                        </gmd:EX_GeographicBoundingBox>
                     </gmd:geographicElement>
                  </gmd:EX_Extent>
               </gmd:extent>
            </gmd:MD_DataIdentification>
	         </gmd:identificationInfo>    
         <gmd:distributionInfo>
            <gmd:MD_Distribution>
               <gmd:distributor>
                  <eum:MD_EUMDistributor xsi:type="eum:MD_EUMDistributor_Type">
                     <gmd:distributorContact>
                        <gmd:CI_ResponsibleParty>
                           <gmd:individualName>
                              <gco:CharacterString>China Meteorological Administration</gco:CharacterString>
                           </gmd:individualName>
                           <gmd:organisationName>
                              <gco:CharacterString>CMA</gco:CharacterString>
                           </gmd:organisationName>
                           
                           <gmd:contactInfo>
                              <gmd:CI_Contact>
                                 <gmd:phone>
                                    <gmd:CI_Telephone>
                                       <gmd:voice>
                                          <gco:CharacterString>+86-10-68407703</gco:CharacterString>
                                       </gmd:voice>
                                       <gmd:facsimile>
                                          <gco:CharacterString>+49(0)6151-807 555</gco:CharacterString>
                                       </gmd:facsimile>
                                    </gmd:CI_Telephone>
                                 </gmd:phone>
                                 <gmd:address>
                                    <gmd:CI_Address>
                                       <gmd:deliveryPoint>
                                          <gco:CharacterString>No.46, Zhongguancun Nandajie</gco:CharacterString>
                                       </gmd:deliveryPoint>
                                       <gmd:city>
                                          <gco:CharacterString>Beijing</gco:CharacterString>
                                       </gmd:city>
                                       <gmd:administrativeArea>
                                          <gco:CharacterString>Haidian District</gco:CharacterString>
                                       </gmd:administrativeArea>
                                       <gmd:postalCode>
                                          <gco:CharacterString>D-64295</gco:CharacterString>
                                       </gmd:postalCode>
                                       <gmd:country>
                                          <gco:CharacterString>China</gco:CharacterString>
                                       </gmd:country>
                                       <gmd:electronicMailAddress>
                                          <gco:CharacterString>zhangjs@cma.gov.cn</gco:CharacterString>
                                       </gmd:electronicMailAddress>
                                    </gmd:CI_Address>
                                 </gmd:address>
                              </gmd:CI_Contact>
                           </gmd:contactInfo>
                           <gmd:role>
                              <gmd:CI_RoleCode codeList="CI_RoleCode" codeListValue="originator"/>
                           </gmd:role>
                        </gmd:CI_ResponsibleParty>
                     </gmd:distributorContact>
                     
                                       
                                       
                                       
                                       
                                       
                     
                                       
                                       
                                       
                                       
                                       
                                       
                                       <eum:digitalTransfers>
                        <eum:MD_EUMDigitalTransfer>
                           <eum:availability>
                              <eum:MD_EUMDigitalTransferOptions>
                                 <gmd:onLine>
                                    <gmd:CI_OnlineResource>
                                       <gmd:linkage>
                                          <gmd:URL>http://www.eumetsat.int/Home/Main/What_We_Do/Technical_Cooperations/GEONETCast/?l=en</gmd:URL>
                                       </gmd:linkage>
                                       <gmd:protocol>
                                          <gco:CharacterString>http</gco:CharacterString>
                                       </gmd:protocol>
                                       <gmd:name>
                                          <gco:CharacterString>FENGYUNCast</gco:CharacterString>
                                       </gmd:name>
                                       <gmd:function>
                                          <gmd:CI_OnLineFunctionCode codeList="CI_OnLineFunctionCode" codeListValue="order"/>
                                       </gmd:function>
                                    </gmd:CI_OnlineResource>
                                 </gmd:onLine>
                                 <eum:availability>
                                    <gco:CharacterString>FENGYUNCast</gco:CharacterString>
                                 </eum:availability>
                                 <eum:aggregateIdentifier>
                                    <gco:CharacterString/>
                                 </eum:aggregateIdentifier>
                                 <eum:eumetcastChannels>
                                    <gco:CharacterString/>
                                 </eum:eumetcastChannels>
                              </eum:MD_EUMDigitalTransferOptions>
                           </eum:availability>
                           <eum:format>
                              <eum:MD_EUMFormat>
                                 <gmd:name>
                                    <gco:CharacterString>AWX</gco:CharacterString>
                                 </gmd:name>
                                 <gmd:version>
                                    <gco:CharacterString/>
                                 </gmd:version>
                                 <eum:averageFileSizeUnits>
                                    <gco:CharacterString>MB</gco:CharacterString>
                                 </eum:averageFileSizeUnits>
                                 <eum:averageFileSize>
                                    <gco:Real>0.9</gco:Real>
                                 </eum:averageFileSize>
                                 <eum:frequency>
                                    <gco:CharacterString>24 (per day)</gco:CharacterString>
                                 </eum:frequency>
                              </eum:MD_EUMFormat>
                           </eum:format>
                        </eum:MD_EUMDigitalTransfer>
                     </eum:digitalTransfers>
                  </eum:MD_EUMDistributor>
               </gmd:distributor>
            </gmd:MD_Distribution>
         </gmd:distributionInfo>
         <gmi:acquisitionInformation>
            <gmi:MI_AcquisitionInformation>
               <gmi:platform>
                  <eum:MI_EUMPlatform>
                     <gmi:identifier>
                        <gmd:MD_Identifier>
                           <gmd:code>
                              <gco:CharacterString>FengYun</gco:CharacterString>
                           </gmd:code>
                        </gmd:MD_Identifier>
                     </gmi:identifier>
                     <gmi:description>
                        <gco:CharacterString>FengYun 2E</gco:CharacterString>
                     </gmi:description>
                     
                     
                     
                     
                     
                     
                     
                     
                     
                     
                     
                     
                     <gmi:instrument>
                        <gmi:MI_Instrument>
                           <gmi:citation>
                              <gmd:CI_Citation>
                                 <gmd:title/>
                                 <gmd:date/>
                                 <gmd:identifier>
                                    <gmd:MD_Identifier>
                                       <gmd:code>
                                          <gco:CharacterString>VISSR</gco:CharacterString>
                                       </gmd:code>
                                    </gmd:MD_Identifier>
                                 </gmd:identifier>
                              </gmd:CI_Citation>
                           </gmi:citation>
                           <gmi:type>
                              <gmi:MI_SensorTypeCode id="optical"/>
                           </gmi:type>
                        </gmi:MI_Instrument>
                     </gmi:instrument>
                     <eum:orbitType>
                        <eum:CI_OrbitTypeCode codeList="CI_OrbitTypeCode" codeListValue="GEO"/>
                     </eum:orbitType>
                  </eum:MI_EUMPlatform>
               </gmi:platform>
            </gmi:MI_AcquisitionInformation>
         </gmi:acquisitionInformation>
      </gmi:MI_Metadata>