<?xml version="1.0" encoding="UTF-8"?><gmi:MI_Metadata xmlns:gmi="http://www.isotc211.org/2005/gmi" xmlns:eum="http://www.eumetsat.int/2008/gmi" xmlns:gco="http://www.isotc211.org/2005/gco" xmlns:gmd="http://www.isotc211.org/2005/gmd" xmlns:xsi="http://www.w3.org/2001/XMLSchema-instance" id="VMAP0" uuid="US_NGA_VPF_VMAP0" xsi:schemaLocation="http://www.isotc211.org/2005/gmd ../schemas/apiso/apiso.xsd" xsi:type="gmi:MI_Metadata_Type">
	         <gmd:fileIdentifier>
            <gco:CharacterString>EO_EUM_DAT_MSG_RFE</gco:CharacterString>
         </gmd:fileIdentifier>
         <gmd:hierarchyLevel>
                    <gmd:MD_ScopeCode codeList="MD_ScopeCode" codeListValue="series"/>
             </gmd:hierarchyLevel>
             
         
         
         
         
         
         
         
         
         
         
         
         
         
         
         
         
         
         
         
         
         
         
         
         
         
         
         
         
         
         
         
         
         
         
         
         
         
         
         
         
         
         
         
         
         
         
         
         
         
         
         
         
         
         
         
         
         
         
         
         
         
         
         
         
         
         
         
         
         
         
         
         
         
         
         
         
         
         
         
         
         
         
         
         
         
         
         
         <gmd:hierarchyLevelName>
            <gco:CharacterString>sat.MSG2</gco:CharacterString>
         </gmd:hierarchyLevelName>
         <gmd:hierarchyLevelName>
            <gco:CharacterString>SBA.Agriculture</gco:CharacterString>
         </gmd:hierarchyLevelName>
         <gmd:hierarchyLevelName>
            <gco:CharacterString>SBA.Water</gco:CharacterString>
         </gmd:hierarchyLevelName>
         <gmd:hierarchyLevelName>
            <gco:CharacterString>SBA.Weather</gco:CharacterString>
         </gmd:hierarchyLevelName>
         <gmd:hierarchyLevelName>
            <gco:CharacterString>dis.EUMETCast</gco:CharacterString>
         </gmd:hierarchyLevelName>
         <gmd:hierarchyLevelName>
            <gco:CharacterString>dis.EUMETCast-Africa</gco:CharacterString>
         </gmd:hierarchyLevelName>
         <gmd:hierarchyLevelName>
            <gco:CharacterString>theme.par.Atmosphere</gco:CharacterString>
         </gmd:hierarchyLevelName>
         <gmd:hierarchyLevelName>
            <gco:CharacterString>theme.par.Precipitation</gco:CharacterString>
         </gmd:hierarchyLevelName>
         <gmd:contact>
		            <gmd:CI_ResponsibleParty>
			               <gmd:role>
				                  <gmd:CI_RoleCode codeList="CI_RoleCode" codeListValue="author"/>
			               </gmd:role>
		            </gmd:CI_ResponsibleParty>
	         </gmd:contact>
	         <gmd:dateStamp>
		            <gco:Date>2010-02-01</gco:Date>
	         </gmd:dateStamp>
	         <gmd:metadataStandardName>
		            <gco:CharacterString>ISO19115</gco:CharacterString>
	         </gmd:metadataStandardName>
	         <gmd:metadataStandardVersion>
		            <gco:CharacterString>2003/Cor.1:2006</gco:CharacterString>
	         </gmd:metadataStandardVersion>
	
	         <gmd:identificationInfo>
		            <gmd:MD_DataIdentification>
			               <gmd:citation>
				                  <gmd:CI_Citation>
					                     <gmd:title>
						                        <gco:CharacterString>Rainfall Estimate for Africa</gco:CharacterString>
					                     </gmd:title>
					                     
                     
                     
                     
                     
                     
                     
                     
                     
                     
                     
                     <gmd:alternateTitle>
                        <gco:CharacterString>RFE</gco:CharacterString>
                     </gmd:alternateTitle>
                     <gmd:date>
						                        <gmd:CI_Date>
							                           <gmd:date>
								                              <gco:Date>2010-05-03</gco:Date>
							                           </gmd:date>
							                           <gmd:dateType>
								                              <gmd:CI_DateTypeCode codeList="CI_DateTypeCode" codeListValue="creation"/>
							                           </gmd:dateType>
						                        </gmd:CI_Date>
					                     </gmd:date>
				                     <gmd:date>
                        <gmd:CI_Date>
                           <gmd:date>
                              <gco:Date>2010-05-03</gco:Date>
                           </gmd:date>
                           <gmd:dateType>
                              <gmd:CI_DateTypeCode codeList="CI_DateTypeCode" codeListValue="revision"/>
                           </gmd:dateType>
                        </gmd:CI_Date>
                     </gmd:date>
                     <gmd:date>
                        <gmd:CI_Date>
                           <gmd:date>
                              <gco:Date>2010-05-03</gco:Date>
                           </gmd:date>
                           <gmd:dateType>
                              <gmd:CI_DateTypeCode codeList="CI_DateTypeCode" codeListValue="publication"/>
                           </gmd:dateType>
                        </gmd:CI_Date>
                     </gmd:date>
                     <gmd:identifier>
                        <gmd:MD_Identifier>
                           <gmd:code>
                              <gco:CharacterString>EO:EUM:DAT:MSG:RFE</gco:CharacterString>
                           </gmd:code>
                        </gmd:MD_Identifier>
                     </gmd:identifier>
                     
                                       
                                       
                                       
                                       
                                       
                                       
                                       
                                       
                                       
                                       
                                       <gmd:citedResponsibleParty>
                        <gmd:CI_ResponsibleParty>
                           <gmd:contactInfo>
                              <gmd:CI_Contact>
                                 <gmd:onlineResource>
                                    <gmd:CI_OnlineResource>
                                       <gmd:linkage>
                                          <gmd:URL>http://www.met.rdg.ac.uk/~tamsat</gmd:URL>
                                       </gmd:linkage>
                                       <gmd:name>
                                          <gco:CharacterString>University of Reading: TAMSAT</gco:CharacterString>
                                       </gmd:name>
                                       <gmd:function>
                                          <gmd:CI_OnLineFunctionCode codeList="CI_OnLineFunctionCode" codeListValue="information"/>
                                       </gmd:function>
                                    </gmd:CI_OnlineResource>
                                 </gmd:onlineResource>
                              </gmd:CI_Contact>
                           </gmd:contactInfo>
                           <gmd:role>
                              <gmd:CI_RoleCode codeList="CI_RoleCode" codeListValue="author"/>
                           </gmd:role>
                        </gmd:CI_ResponsibleParty>
                     </gmd:citedResponsibleParty>
                  </gmd:CI_Citation>
			               </gmd:citation>
			               <gmd:abstract>
				                  <gco:CharacterString>Ten-daily (dekadal) and monthly rainfall estimates and anomalies derived from Meteosat Thermal Infra-Red (TIR) channels based on the recognition of storm clouds and calibration against ground-based rain gauge data. </gco:CharacterString>
			               </gmd:abstract>
			               <gmd:pointOfContact>
                  <gmd:CI_ResponsibleParty>
                     <gmd:individualName>
                        <gco:CharacterString>University of Reading, Meteorology Department</gco:CharacterString>
                     </gmd:individualName>
                     <gmd:organisationName>
                        <gco:CharacterString>TAMSAT</gco:CharacterString>
                     </gmd:organisationName>
                     <gmd:contactInfo>
                        <gmd:CI_Contact>
                           <gmd:phone>
                              <gmd:CI_Telephone>
                                 <gmd:voice>
                                    <gco:CharacterString>+44(0)118 378 8950</gco:CharacterString>
                                 </gmd:voice>
                                 <gmd:facsimile>
                                    <gco:CharacterString>+44(0)118 378 8905</gco:CharacterString>
                                 </gmd:facsimile>
                              </gmd:CI_Telephone>
                           </gmd:phone>
                           <gmd:address>
                              <gmd:CI_Address>
                                 <gmd:deliveryPoint>
                                    <gco:CharacterString>University of Reading, Meteorology Department, Earley Gate, PO Box 243</gco:CharacterString>
                                 </gmd:deliveryPoint>
                                 <gmd:city>
                                    <gco:CharacterString>Reading</gco:CharacterString>
                                 </gmd:city>
                                 <gmd:postalCode>
                                    <gco:CharacterString>RG6 6BB</gco:CharacterString>
                                 </gmd:postalCode>
                                 <gmd:country>
                                    <gco:CharacterString>United Kingdom</gco:CharacterString>
                                 </gmd:country>
                                 <gmd:electronicMailAddress>
                                    <gco:CharacterString>tamsat@reading.ac.uk</gco:CharacterString>
                                 </gmd:electronicMailAddress>
                              </gmd:CI_Address>
                           </gmd:address>
                        </gmd:CI_Contact>
                     </gmd:contactInfo>
                     <gmd:role>
                        <gmd:CI_RoleCode codeList="CI_RoleCode" codeListValue="originator"/>
                     </gmd:role>
                  </gmd:CI_ResponsibleParty>
               </gmd:pointOfContact>
               <gmd:graphicOverview>
                  <gmd:MD_BrowseGraphic>
                     <gmd:fileName>
                        <gco:CharacterString>/smartEditor/preview/TAMSAT.jpg</gco:CharacterString>
                     </gmd:fileName>
                  </gmd:MD_BrowseGraphic>
               </gmd:graphicOverview>
               <gmd:descriptiveKeywords>
                  <gmd:MD_Keywords>
                     <gmd:keyword>
                        <gco:CharacterString>Atmosphere</gco:CharacterString>
                     </gmd:keyword>
                     <gmd:type>
                        <gmd:MD_KeywordTypeCode codeList="MD_KeywordTypeCode" codeListValue="discipline"/>
                     </gmd:type>
                  </gmd:MD_Keywords>
               </gmd:descriptiveKeywords>
               <gmd:descriptiveKeywords>
                  <gmd:MD_Keywords>
                     <gmd:keyword>
                        <gco:CharacterString>Agriculture</gco:CharacterString>
                     </gmd:keyword>
                     <gmd:keyword>
                        <gco:CharacterString>Water</gco:CharacterString>
                     </gmd:keyword>
                     <gmd:keyword>
                        <gco:CharacterString>Weather</gco:CharacterString>
                     </gmd:keyword>
                     <gmd:type>
                        <gmd:MD_KeywordTypeCode codeList="MD_KeywordTypeCode" codeListValue="socialBenefitArea"/>
                     </gmd:type>
                  </gmd:MD_Keywords>
               </gmd:descriptiveKeywords>
               <gmd:descriptiveKeywords>
                  <gmd:MD_Keywords>
                     <gmd:keyword>
                        <gco:CharacterString>Atmosphere</gco:CharacterString>
                     </gmd:keyword>
                     <gmd:keyword>
                        <gco:CharacterString>Precipitation</gco:CharacterString>
                     </gmd:keyword>
                     <gmd:type>
                        <gmd:MD_KeywordTypeCode codeList="MD_KeywordTypeCode" codeListValue="theme"/>
                     </gmd:type>
                  </gmd:MD_Keywords>
               </gmd:descriptiveKeywords>
               <gmd:descriptiveKeywords>
                  <gmd:MD_Keywords>
                     <gmd:keyword>
                        <gco:CharacterString>EUMETCast-Africa</gco:CharacterString>
                     </gmd:keyword>
                     <gmd:keyword>
                        <gco:CharacterString>EUMETCast</gco:CharacterString>
                     </gmd:keyword>
                     <gmd:type>
                        <gmd:MD_KeywordTypeCode codeList="MD_KeywordTypeCode" codeListValue="place"/>
                     </gmd:type>
                  </gmd:MD_Keywords>
               </gmd:descriptiveKeywords>
               <gmd:resourceConstraints>
                  <gmd:MD_LegalConstraints>
                     <gmd:useLimitation>
                        <gco:CharacterString>This product has been developed under the MARSOP contract funded by the DG JRC of the European Commission. Its validation is still on-going and the product is therefore likely to be further improved.</gco:CharacterString>
                     </gmd:useLimitation>
                  </gmd:MD_LegalConstraints>
               </gmd:resourceConstraints>
               <gmd:spatialResolution>
                  <gmd:MD_Resolution>
                     <gmd:equivalentScale>
                        <gmd:MD_RepresentativeFraction>
                           <gmd:denominator>
                              <gco:Integer>5</gco:Integer>
                           </gmd:denominator>
                        </gmd:MD_RepresentativeFraction>
                     </gmd:equivalentScale>
                  </gmd:MD_Resolution>
               </gmd:spatialResolution>
               <gmd:language>
				                  <gco:CharacterString>eng</gco:CharacterString>
			               </gmd:language>
		               <gmd:characterSet>
                  <gmd:MD_CharacterSetCode codeList="MD_CharacterSetCode" codeListValue="utf8"/>
               </gmd:characterSet>
               
               
               
               
               
               
               
               
               
               
               
               <gmd:topicCategory>
                  <gmd:MD_TopicCategoryCode>climatologyMeteorologyAtmosphere</gmd:MD_TopicCategoryCode>
               </gmd:topicCategory>
               <gmd:extent>
                  <gmd:EX_Extent>
                     <gmd:geographicElement>
                        <gmd:EX_GeographicBoundingBox xsi:type="gmd:EX_GeographicBoundingBox_Type">
                           <gmd:westBoundLongitude>
                              <gco:Decimal>-19.0</gco:Decimal>
                           </gmd:westBoundLongitude>
                           <gmd:eastBoundLongitude>
                              <gco:Decimal>52.0</gco:Decimal>
                           </gmd:eastBoundLongitude>
                           <gmd:southBoundLatitude>
                              <gco:Decimal>-35.0</gco:Decimal>
                           </gmd:southBoundLatitude>
                           <gmd:northBoundLatitude>
                              <gco:Decimal>37.0</gco:Decimal>
                           </gmd:northBoundLatitude>
                        </gmd:EX_GeographicBoundingBox>
                     </gmd:geographicElement>
                  </gmd:EX_Extent>
               </gmd:extent>
            </gmd:MD_DataIdentification>
	         </gmd:identificationInfo>    
         <gmd:distributionInfo>
            <gmd:MD_Distribution>
               <gmd:distributor>
                  <eum:MD_EUMDistributor xsi:type="eum:MD_EUMDistributor_Type">
                     <gmd:distributorContact>
                        <gmd:CI_ResponsibleParty>
                           <gmd:individualName>
                              <gco:CharacterString>University of Reading, Meteorology Department</gco:CharacterString>
                           </gmd:individualName>
                           <gmd:organisationName>
                              <gco:CharacterString>TAMSAT</gco:CharacterString>
                           </gmd:organisationName>
                           <gmd:contactInfo>
                              <gmd:CI_Contact>
                                 <gmd:phone>
                                    <gmd:CI_Telephone>
                                       <gmd:voice>
                                          <gco:CharacterString>+44(0)118 378 8950</gco:CharacterString>
                                       </gmd:voice>
                                       <gmd:facsimile>
                                          <gco:CharacterString>+44(0)118 378 8905</gco:CharacterString>
                                       </gmd:facsimile>
                                    </gmd:CI_Telephone>
                                 </gmd:phone>
                                 <gmd:address>
                                    <gmd:CI_Address>
                                       <gmd:deliveryPoint>
                                          <gco:CharacterString>University of Reading, Meteorology Department, Earley Gate, PO Box 243</gco:CharacterString>
                                       </gmd:deliveryPoint>
                                       <gmd:city>
                                          <gco:CharacterString>Reading</gco:CharacterString>
                                       </gmd:city>
                                       <gmd:postalCode>
                                          <gco:CharacterString>RG6 6BB</gco:CharacterString>
                                       </gmd:postalCode>
                                       <gmd:country>
                                          <gco:CharacterString>United Kingdom</gco:CharacterString>
                                       </gmd:country>
                                       <gmd:electronicMailAddress>
                                          <gco:CharacterString>tamsat@reading.ac.uk</gco:CharacterString>
                                       </gmd:electronicMailAddress>
                                    </gmd:CI_Address>
                                 </gmd:address>
                              </gmd:CI_Contact>
                           </gmd:contactInfo>
                           <gmd:role>
                              <gmd:CI_RoleCode codeList="CI_RoleCode" codeListValue="originator"/>
                           </gmd:role>
                        </gmd:CI_ResponsibleParty>
                     </gmd:distributorContact>
                     
                                       
                                       
                                       
                                       
                                       
                                       
                                       
                                       
                                       
                                       
                                       <eum:digitalTransfers>
                        <eum:MD_EUMDigitalTransfer>
                           <eum:availability>
                              <eum:MD_EUMDigitalTransferOptions>
                                 <gmd:onLine>
                                    <gmd:CI_OnlineResource>
                                       <gmd:linkage>
                                          <gmd:URL>http://eoportal.eumetsat.int/userMgmt</gmd:URL>
                                       </gmd:linkage>
                                       <gmd:protocol>
                                          <gco:CharacterString>http</gco:CharacterString>
                                       </gmd:protocol>
                                       <gmd:name>
                                          <gco:CharacterString>EO Portal Registration</gco:CharacterString>
                                       </gmd:name>
                                       <gmd:function>
                                          <gmd:CI_OnLineFunctionCode codeList="CI_OnLineFunctionCode" codeListValue="order"/>
                                       </gmd:function>
                                    </gmd:CI_OnlineResource>
                                 </gmd:onLine>
                                 <gmd:onLine>
                                    <gmd:CI_OnlineResource>
                                       <gmd:linkage>
                                          <gmd:URL>http://www.eumetsat.int/Home/Main/What_We_Do/EUMETCast/Reception_Station_Set-up/index.htm?l=en</gmd:URL>
                                       </gmd:linkage>
                                       <gmd:protocol>
                                          <gco:CharacterString>http</gco:CharacterString>
                                       </gmd:protocol>
                                       <gmd:name>
                                          <gco:CharacterString>Reception Station Set-up</gco:CharacterString>
                                       </gmd:name>
                                       <gmd:function>
                                          <gmd:CI_OnLineFunctionCode codeList="CI_OnLineFunctionCode" codeListValue="order"/>
                                       </gmd:function>
                                    </gmd:CI_OnlineResource>
                                 </gmd:onLine>
                                 <eum:availability>
                                    <gco:CharacterString>EUMETCast,EUMETCast-Africa</gco:CharacterString>
                                 </eum:availability>
                                 <eum:aggregateIdentifier>
                                    <gco:CharacterString/>
                                 </eum:aggregateIdentifier>
                                 <eum:eumetcastChannels>
                                    <gco:CharacterString>EUMETSAT Data Channel 12</gco:CharacterString>
                                 </eum:eumetcastChannels>
                              </eum:MD_EUMDigitalTransferOptions>
                           </eum:availability>
                           <eum:format>
                              <eum:MD_EUMFormat>
                                 <gmd:name>
                                    <gco:CharacterString>Dekadal Rainfall Estimate (GeoTIFF)</gco:CharacterString>
                                 </gmd:name>
                                 <gmd:version>
                                    <gco:CharacterString/>
                                 </gmd:version>
                                 <eum:typicalFilename>
                                    <gco:CharacterString>rfe2009_1-dk1.tif</gco:CharacterString>
                                 </eum:typicalFilename>
                                 <eum:averageFileSizeUnits>
                                    <gco:CharacterString>MB</gco:CharacterString>
                                 </eum:averageFileSizeUnits>
                                 <eum:averageFileSize>
                                    <gco:Real>3.7</gco:Real>
                                 </eum:averageFileSize>
                                 <eum:frequency>
                                    <gco:CharacterString>3 (per month)</gco:CharacterString>
                                 </eum:frequency>
                                 <eum:fileFormatDescription>
                                    <gco:CharacterString>rfeYYYY_MM-dkD.tif</gco:CharacterString>
                                 </eum:fileFormatDescription>
                              </eum:MD_EUMFormat>
                           </eum:format>
                           <eum:format>
                              <eum:MD_EUMFormat>
                                 <gmd:name>
                                    <gco:CharacterString>Monthly Rainfall Estimate (GeoTIFF)</gco:CharacterString>
                                 </gmd:name>
                                 <gmd:version>
                                    <gco:CharacterString/>
                                 </gmd:version>
                                 <eum:averageFileSizeUnits>
                                    <gco:CharacterString>MB</gco:CharacterString>
                                 </eum:averageFileSizeUnits>
                                 <eum:averageFileSize>
                                    <gco:Real>3.7</gco:Real>
                                 </eum:averageFileSize>
                                 <eum:frequency>
                                    <gco:CharacterString>1 (per month)</gco:CharacterString>
                                 </eum:frequency>
                                 <eum:fileFormatDescription>
                                    <gco:CharacterString>rfeYYYY_MM.tif</gco:CharacterString>
                                 </eum:fileFormatDescription>
                              </eum:MD_EUMFormat>
                           </eum:format>
                           <eum:format>
                              <eum:MD_EUMFormat>
                                 <gmd:name>
                                    <gco:CharacterString>Dekadal RFE Quicklook (PNG)</gco:CharacterString>
                                 </gmd:name>
                                 <gmd:version>
                                    <gco:CharacterString/>
                                 </gmd:version>
                                 <eum:averageFileSizeUnits>
                                    <gco:CharacterString>KB</gco:CharacterString>
                                 </eum:averageFileSizeUnits>
                                 <eum:averageFileSize>
                                    <gco:Real>80.0</gco:Real>
                                 </eum:averageFileSize>
                                 <eum:frequency>
                                    <gco:CharacterString>3 (per month)</gco:CharacterString>
                                 </eum:frequency>
                                 <eum:fileFormatDescription>
                                    <gco:CharacterString>rfeYYYY_MM-dkD.png</gco:CharacterString>
                                 </eum:fileFormatDescription>
                              </eum:MD_EUMFormat>
                           </eum:format>
                           <eum:format>
                              <eum:MD_EUMFormat>
                                 <gmd:name>
                                    <gco:CharacterString>Monthly RFE Quicklook (PNG)</gco:CharacterString>
                                 </gmd:name>
                                 <gmd:version>
                                    <gco:CharacterString/>
                                 </gmd:version>
                                 <eum:averageFileSizeUnits>
                                    <gco:CharacterString>KB</gco:CharacterString>
                                 </eum:averageFileSizeUnits>
                                 <eum:averageFileSize>
                                    <gco:Real>80.0</gco:Real>
                                 </eum:averageFileSize>
                                 <eum:frequency>
                                    <gco:CharacterString>1 (per month)</gco:CharacterString>
                                 </eum:frequency>
                                 <eum:fileFormatDescription>
                                    <gco:CharacterString>rfeYYYY_MM.png</gco:CharacterString>
                                 </eum:fileFormatDescription>
                              </eum:MD_EUMFormat>
                           </eum:format>
                           <eum:format>
                              <eum:MD_EUMFormat>
                                 <gmd:name>
                                    <gco:CharacterString>Dekadal Rainfall Estimate Anomaly (GeoTIFF)</gco:CharacterString>
                                 </gmd:name>
                                 <gmd:version>
                                    <gco:CharacterString/>
                                 </gmd:version>
                                 <eum:averageFileSizeUnits>
                                    <gco:CharacterString>MB</gco:CharacterString>
                                 </eum:averageFileSizeUnits>
                                 <eum:averageFileSize>
                                    <gco:Real>3.7</gco:Real>
                                 </eum:averageFileSize>
                                 <eum:frequency>
                                    <gco:CharacterString>3 (per month)</gco:CharacterString>
                                 </eum:frequency>
                                 <eum:fileFormatDescription>
                                    <gco:CharacterString>rfeYYYY_MM-dkD_anom.tif</gco:CharacterString>
                                 </eum:fileFormatDescription>
                              </eum:MD_EUMFormat>
                           </eum:format>
                           <eum:format>
                              <eum:MD_EUMFormat>
                                 <gmd:name>
                                    <gco:CharacterString>Monthly Rainfall Estimate Anomaly (GeoTIFF)</gco:CharacterString>
                                 </gmd:name>
                                 <gmd:version>
                                    <gco:CharacterString/>
                                 </gmd:version>
                                 <eum:averageFileSizeUnits>
                                    <gco:CharacterString>MB</gco:CharacterString>
                                 </eum:averageFileSizeUnits>
                                 <eum:averageFileSize>
                                    <gco:Real>3.7</gco:Real>
                                 </eum:averageFileSize>
                                 <eum:frequency>
                                    <gco:CharacterString>1 (per month)</gco:CharacterString>
                                 </eum:frequency>
                                 <eum:fileFormatDescription>
                                    <gco:CharacterString>rfeYYYY_MM_anom.tif</gco:CharacterString>
                                 </eum:fileFormatDescription>
                              </eum:MD_EUMFormat>
                           </eum:format>
                           <eum:format>
                              <eum:MD_EUMFormat>
                                 <gmd:name>
                                    <gco:CharacterString>Dekadal RFE Anomaly Quicklook (PNG)</gco:CharacterString>
                                 </gmd:name>
                                 <gmd:version>
                                    <gco:CharacterString/>
                                 </gmd:version>
                                 <eum:averageFileSizeUnits>
                                    <gco:CharacterString>KB</gco:CharacterString>
                                 </eum:averageFileSizeUnits>
                                 <eum:averageFileSize>
                                    <gco:Real>80.0</gco:Real>
                                 </eum:averageFileSize>
                                 <eum:frequency>
                                    <gco:CharacterString>3 (per month)</gco:CharacterString>
                                 </eum:frequency>
                                 <eum:fileFormatDescription>
                                    <gco:CharacterString>rfeYYYY_MM-dkD_anom.png</gco:CharacterString>
                                 </eum:fileFormatDescription>
                              </eum:MD_EUMFormat>
                           </eum:format>
                           <eum:format>
                              <eum:MD_EUMFormat>
                                 <gmd:name>
                                    <gco:CharacterString>Monthly RFE Anomaly Outlook (PNG)</gco:CharacterString>
                                 </gmd:name>
                                 <gmd:version>
                                    <gco:CharacterString/>
                                 </gmd:version>
                                 <eum:averageFileSizeUnits>
                                    <gco:CharacterString>KB</gco:CharacterString>
                                 </eum:averageFileSizeUnits>
                                 <eum:averageFileSize>
                                    <gco:Real>80.0</gco:Real>
                                 </eum:averageFileSize>
                                 <eum:frequency>
                                    <gco:CharacterString>1 (per month)</gco:CharacterString>
                                 </eum:frequency>
                                 <eum:fileFormatDescription>
                                    <gco:CharacterString>rfeYYYY_MM_anom.png</gco:CharacterString>
                                 </eum:fileFormatDescription>
                              </eum:MD_EUMFormat>
                           </eum:format>
                        </eum:MD_EUMDigitalTransfer>
                     </eum:digitalTransfers>
                  </eum:MD_EUMDistributor>
               </gmd:distributor>
            </gmd:MD_Distribution>
         </gmd:distributionInfo>
         <gmi:acquisitionInformation>
            <gmi:MI_AcquisitionInformation>
               <gmi:platform>
                  <eum:MI_EUMPlatform>
                     <gmi:identifier>
                        <gmd:MD_Identifier>
                           <gmd:code>
                              <gco:CharacterString>Meteosat</gco:CharacterString>
                           </gmd:code>
                        </gmd:MD_Identifier>
                     </gmi:identifier>
                     <gmi:description>
                        <gco:CharacterString/>
                     </gmi:description>
                     
                     
                     
                     
                     
                     
                     
                     
                     
                     
                     
                     <gmi:instrument>
                        <gmi:MI_Instrument>
                           <gmi:citation>
                              <gmd:CI_Citation>
                                 <gmd:title/>
                                 <gmd:date/>
                                 <gmd:identifier>
                                    <gmd:MD_Identifier>
                                       <gmd:code>
                                          <gco:CharacterString>SEVIRI</gco:CharacterString>
                                       </gmd:code>
                                    </gmd:MD_Identifier>
                                 </gmd:identifier>
                              </gmd:CI_Citation>
                           </gmi:citation>
                           <gmi:type>
                              <gmi:MI_SensorTypeCode id="optical"/>
                           </gmi:type>
                        </gmi:MI_Instrument>
                     </gmi:instrument>
                     <eum:orbitType>
                        <eum:CI_OrbitTypeCode codeList="CI_OrbitTypeCode" codeListValue="GEO"/>
                     </eum:orbitType>
                  </eum:MI_EUMPlatform>
               </gmi:platform>
            </gmi:MI_AcquisitionInformation>
         </gmi:acquisitionInformation>
      </gmi:MI_Metadata>