<?xml version="1.0" encoding="UTF-8"?><gmi:MI_Metadata xmlns:gmi="http://www.isotc211.org/2005/gmi" xmlns:eum="http://www.eumetsat.int/2008/gmi" xmlns:gco="http://www.isotc211.org/2005/gco" xmlns:gmd="http://www.isotc211.org/2005/gmd" xmlns:xsi="http://www.w3.org/2001/XMLSchema-instance" id="VMAP0" uuid="US_NGA_VPF_VMAP0" xsi:schemaLocation="http://www.isotc211.org/2005/gmd ../schemas/apiso/apiso.xsd" xsi:type="gmi:MI_Metadata_Type">
	         <gmd:fileIdentifier>
            <gco:CharacterString>EO_EUM_DAT_MULT_RR2</gco:CharacterString>
         </gmd:fileIdentifier>
         <gmd:hierarchyLevel>
                    <gmd:MD_ScopeCode codeList="MD_ScopeCode" codeListValue="series"/>
             </gmd:hierarchyLevel>
             
         
         
         
         
         
         
         
         
         
         
         
         
         
         
         
         
         
         
         
         
         
         
         
         
         
         
         
         
         
         
         
         
         
         
         
         
         
         
         
         
         
         
         
         
         
         
         
         
         
         
         
         
         
         
         
         <gmd:hierarchyLevelName>
            <gco:CharacterString>theme.par.Cloud</gco:CharacterString>
         </gmd:hierarchyLevelName>
         <gmd:hierarchyLevelName>
            <gco:CharacterString>theme.par.Forecasts</gco:CharacterString>
         </gmd:hierarchyLevelName>
         <gmd:hierarchyLevelName>
            <gco:CharacterString>theme.par.Model</gco:CharacterString>
         </gmd:hierarchyLevelName>
         <gmd:hierarchyLevelName>
            <gco:CharacterString>theme.par.Observation</gco:CharacterString>
         </gmd:hierarchyLevelName>
         <gmd:hierarchyLevelName>
            <gco:CharacterString>theme.par.Precipitation</gco:CharacterString>
         </gmd:hierarchyLevelName>
         <gmd:hierarchyLevelName>
            <gco:CharacterString>theme.par.Pressure</gco:CharacterString>
         </gmd:hierarchyLevelName>
         <gmd:hierarchyLevelName>
            <gco:CharacterString>dis.GEONETCast-Americas</gco:CharacterString>
         </gmd:hierarchyLevelName>
         <gmd:hierarchyLevelName>
            <gco:CharacterString>SBA.Climate</gco:CharacterString>
         </gmd:hierarchyLevelName>
         <gmd:hierarchyLevelName>
            <gco:CharacterString>SBA.Water</gco:CharacterString>
         </gmd:hierarchyLevelName>
         <gmd:hierarchyLevelName>
            <gco:CharacterString>SBA.Weather</gco:CharacterString>
         </gmd:hierarchyLevelName>
         <gmd:hierarchyLevelName>
            <gco:CharacterString>SBA.Ecosystems</gco:CharacterString>
         </gmd:hierarchyLevelName>
         <gmd:hierarchyLevelName>
            <gco:CharacterString>SBA.Agriculture</gco:CharacterString>
         </gmd:hierarchyLevelName>
         <gmd:hierarchyLevelName>
            <gco:CharacterString>SBA.Biodiversity</gco:CharacterString>
         </gmd:hierarchyLevelName>
         <gmd:hierarchyLevelName>
            <gco:CharacterString>SBA.Disasters</gco:CharacterString>
         </gmd:hierarchyLevelName>
         <gmd:contact>
		            <gmd:CI_ResponsibleParty>
			               <gmd:role>
				                  <gmd:CI_RoleCode codeList="CI_RoleCode" codeListValue="author"/>
			               </gmd:role>
		            </gmd:CI_ResponsibleParty>
	         </gmd:contact>
	         <gmd:dateStamp>
		            <gco:Date>2009-10-08</gco:Date>
	         </gmd:dateStamp>
	         <gmd:metadataStandardName>
		            <gco:CharacterString>ISO19115</gco:CharacterString>
	         </gmd:metadataStandardName>
	         <gmd:metadataStandardVersion>
		            <gco:CharacterString>2003/Cor.1:2006</gco:CharacterString>
	         </gmd:metadataStandardVersion>
	
	         <gmd:identificationInfo>
		            <gmd:MD_DataIdentification>
			               <gmd:citation>
				                  <gmd:CI_Citation>
					                     <gmd:title>
						                        <gco:CharacterString>Accumulated Precipitation 48hrs - South America</gco:CharacterString>
					                     </gmd:title>
					                     
                     
                     
                     
                     
                     
                     
                     
                     <gmd:alternateTitle>
                        <gco:CharacterString>RR2</gco:CharacterString>
                     </gmd:alternateTitle>
                     <gmd:date>
						                        <gmd:CI_Date>
							                           <gmd:date>
								                              <gco:Date>2009-10-08</gco:Date>
							                           </gmd:date>
							                           <gmd:dateType>
								                              <gmd:CI_DateTypeCode codeList="CI_DateTypeCode" codeListValue="creation"/>
							                           </gmd:dateType>
						                        </gmd:CI_Date>
					                     </gmd:date>
				                     <gmd:date>
                        <gmd:CI_Date>
                           <gmd:date>
                              <gco:Date>2010-04-16</gco:Date>
                           </gmd:date>
                           <gmd:dateType>
                              <gmd:CI_DateTypeCode codeList="CI_DateTypeCode" codeListValue="revision"/>
                           </gmd:dateType>
                        </gmd:CI_Date>
                     </gmd:date>
                     <gmd:date>
                        <gmd:CI_Date>
                           <gmd:date>
                              <gco:Date>2009-10-08</gco:Date>
                           </gmd:date>
                           <gmd:dateType>
                              <gmd:CI_DateTypeCode codeList="CI_DateTypeCode" codeListValue="publication"/>
                           </gmd:dateType>
                        </gmd:CI_Date>
                     </gmd:date>
                     <gmd:identifier>
                        <gmd:MD_Identifier>
                           <gmd:code>
                              <gco:CharacterString>EO:EUM:DAT:MULT:RR2</gco:CharacterString>
                           </gmd:code>
                        </gmd:MD_Identifier>
                     </gmd:identifier>
                     
                                       
                                       
                                       
                                       
                                       
                                       
                                       
                                       <gmd:citedResponsibleParty>
                        <gmd:CI_ResponsibleParty>
                           <gmd:contactInfo>
                              <gmd:CI_Contact>
                                 <gmd:onlineResource>
                                    <gmd:CI_OnlineResource>
                                       <gmd:linkage>
                                          <gmd:URL>http://previsaonumerica.cptec.inpe.br/#</gmd:URL>
                                       </gmd:linkage>
                                       <gmd:name>
                                          <gco:CharacterString>CPTEC: Accumulated Precipitation 24 HR (RR2)</gco:CharacterString>
                                       </gmd:name>
                                       <gmd:function>
                                          <gmd:CI_OnLineFunctionCode codeList="CI_OnLineFunctionCode" codeListValue="information"/>
                                       </gmd:function>
                                    </gmd:CI_OnlineResource>
                                 </gmd:onlineResource>
                              </gmd:CI_Contact>
                           </gmd:contactInfo>
                           <gmd:role>
                              <gmd:CI_RoleCode codeList="CI_RoleCode" codeListValue="author"/>
                           </gmd:role>
                        </gmd:CI_ResponsibleParty>
                     </gmd:citedResponsibleParty>
                  </gmd:CI_Citation>
			               </gmd:citation>
			               <gmd:abstract>
				                  <gco:CharacterString>This numeric forecasting Regional Eta Model (20kmx20km) is a weather forecast that provides accumulated precipitation for the next 48 hours plus  pressure lines. Frequency once a day.</gco:CharacterString>
			               </gmd:abstract>
			               <gmd:pointOfContact>
                  <gmd:CI_ResponsibleParty>
                     <gmd:individualName>
                        <gco:CharacterString>Centro do Previsao de Tempo e Estudos Climaticos </gco:CharacterString>
                     </gmd:individualName>
                     <gmd:organisationName>
                        <gco:CharacterString>INPE/CPTEC</gco:CharacterString>
                     </gmd:organisationName>
                     <gmd:contactInfo>
                        <gmd:CI_Contact>
                           <gmd:address>
                              <gmd:CI_Address>
                                 <gmd:deliveryPoint>
                                    <gco:CharacterString>Km,040 Rodovia Presidente Dutra </gco:CharacterString>
                                 </gmd:deliveryPoint>
                                 <gmd:city>
                                    <gco:CharacterString>12630-000  Cachoeira Paulista (SP) </gco:CharacterString>
                                 </gmd:city>
                                 <gmd:administrativeArea>
                                    <gco:CharacterString>Cachoeira Paulista (SP) </gco:CharacterString>
                                 </gmd:administrativeArea>
                                 <gmd:country>
                                    <gco:CharacterString>Brazil</gco:CharacterString>
                                 </gmd:country>
                                 <gmd:electronicMailAddress>
                                    <gco:CharacterString>willian.escobar@cptec.inpe.br</gco:CharacterString>
                                 </gmd:electronicMailAddress>
                              </gmd:CI_Address>
                           </gmd:address>
                        </gmd:CI_Contact>
                     </gmd:contactInfo>
                     <gmd:role>
                        <gmd:CI_RoleCode codeList="CI_RoleCode" codeListValue="originator"/>
                     </gmd:role>
                  </gmd:CI_ResponsibleParty>
               </gmd:pointOfContact>
               <gmd:graphicOverview>
                  <gmd:MD_BrowseGraphic>
                     <gmd:fileName>
                        <gco:CharacterString>/smartEditor/preview/RR2.jpg</gco:CharacterString>
                     </gmd:fileName>
                  </gmd:MD_BrowseGraphic>
               </gmd:graphicOverview>
               <gmd:descriptiveKeywords>
                  <gmd:MD_Keywords>
                     <gmd:keyword>
                        <gco:CharacterString>Atmosphere</gco:CharacterString>
                     </gmd:keyword>
                     <gmd:keyword>
                        <gco:CharacterString>Satellite Data</gco:CharacterString>
                     </gmd:keyword>
                     
                     <gmd:type>
                        <gmd:MD_KeywordTypeCode codeList="MD_KeywordTypeCode" codeListValue="discipline"/>
                     </gmd:type>
                  </gmd:MD_Keywords>
               </gmd:descriptiveKeywords>
               <gmd:descriptiveKeywords>
                  <gmd:MD_Keywords>
                     <gmd:keyword>
                        <gco:CharacterString>Agriculture</gco:CharacterString>
                     </gmd:keyword>
                     <gmd:keyword>
                        <gco:CharacterString>Biodiversity</gco:CharacterString>
                     </gmd:keyword>
                     <gmd:keyword>
                        <gco:CharacterString>Climate</gco:CharacterString>
                     </gmd:keyword>
                     <gmd:keyword>
                        <gco:CharacterString>Disasters</gco:CharacterString>
                     </gmd:keyword>
                     <gmd:keyword>
                        <gco:CharacterString>Ecosystems</gco:CharacterString>
                     </gmd:keyword>
                     <gmd:keyword>
                        <gco:CharacterString>Water</gco:CharacterString>
                     </gmd:keyword>
                     <gmd:keyword>
                        <gco:CharacterString>Weather</gco:CharacterString>
                     </gmd:keyword>
                     
                     
                     <gmd:type>
                        <gmd:MD_KeywordTypeCode codeList="MD_KeywordTypeCode" codeListValue="socialBenefitArea"/>
                     </gmd:type>
                  </gmd:MD_Keywords>
               </gmd:descriptiveKeywords>
               <gmd:descriptiveKeywords>
                  <gmd:MD_Keywords>
                     <gmd:keyword>
                        <gco:CharacterString>Cloud</gco:CharacterString>
                     </gmd:keyword>
                     <gmd:keyword>
                        <gco:CharacterString>Forecasts</gco:CharacterString>
                     </gmd:keyword>
                     <gmd:keyword>
                        <gco:CharacterString>Model</gco:CharacterString>
                     </gmd:keyword>
                     <gmd:keyword>
                        <gco:CharacterString>Observation</gco:CharacterString>
                     </gmd:keyword>
                     <gmd:keyword>
                        <gco:CharacterString>Precipitation</gco:CharacterString>
                     </gmd:keyword>
                     <gmd:keyword>
                        <gco:CharacterString>Pressure</gco:CharacterString>
                     </gmd:keyword>
                     <gmd:type>
                        <gmd:MD_KeywordTypeCode codeList="MD_KeywordTypeCode" codeListValue="theme"/>
                     </gmd:type>
                  </gmd:MD_Keywords>
               </gmd:descriptiveKeywords>
               <gmd:descriptiveKeywords>
                  <gmd:MD_Keywords>
                     <gmd:keyword>
                        <gco:CharacterString>GEONETCast-Americas</gco:CharacterString>
                     </gmd:keyword>
                     <gmd:type>
                        <gmd:MD_KeywordTypeCode codeList="MD_KeywordTypeCode" codeListValue="place"/>
                     </gmd:type>
                  </gmd:MD_Keywords>
               </gmd:descriptiveKeywords>
               <gmd:resourceConstraints>
                  <gmd:MD_LegalConstraints>
                     <gmd:useConstraints>
                        <gmd:MD_RestrictionCode codeList="MD_RestrictionCode" codeListValue="copyright"/>
                     </gmd:useConstraints>
                  </gmd:MD_LegalConstraints>
               </gmd:resourceConstraints>
               <gmd:language>
				                  <gco:CharacterString>eng</gco:CharacterString>
			               </gmd:language>
		               <gmd:characterSet>
                  <gmd:MD_CharacterSetCode codeList="MD_CharacterSetCode" codeListValue="utf8"/>
               </gmd:characterSet>
               
               
               
               
               
               
               
               
               <gmd:topicCategory>
                  <gmd:MD_TopicCategoryCode>climatologyMeteorologyAtmosphere</gmd:MD_TopicCategoryCode>
               </gmd:topicCategory>
               <gmd:extent>
                  <gmd:EX_Extent>
                     <gmd:geographicElement>
                        <gmd:EX_GeographicBoundingBox xsi:type="gmd:EX_GeographicBoundingBox_Type">
                           <gmd:westBoundLongitude>
                              <gco:Decimal>-80.0</gco:Decimal>
                           </gmd:westBoundLongitude>
                           <gmd:eastBoundLongitude>
                              <gco:Decimal>30.0</gco:Decimal>
                           </gmd:eastBoundLongitude>
                           <gmd:southBoundLatitude>
                              <gco:Decimal>-50.0</gco:Decimal>
                           </gmd:southBoundLatitude>
                           <gmd:northBoundLatitude>
                              <gco:Decimal>10.0</gco:Decimal>
                           </gmd:northBoundLatitude>
                        </gmd:EX_GeographicBoundingBox>
                     </gmd:geographicElement>
                  </gmd:EX_Extent>
               </gmd:extent>
                           <gmd:extent>
                  <gmd:EX_Extent>
                     <gmd:geographicElement>
                        <gmd:EX_GeographicDescription>
                           <gmd:geographicIdentifier>
                              <gmd:MD_Identifier>
                                 <gmd:code>
                                    <gco:CharacterString>South America</gco:CharacterString>
                                 </gmd:code>
                              </gmd:MD_Identifier>
                           </gmd:geographicIdentifier>
                        </gmd:EX_GeographicDescription>
                     </gmd:geographicElement>
                  </gmd:EX_Extent>
               </gmd:extent>
            </gmd:MD_DataIdentification>
	         </gmd:identificationInfo>    
         <gmd:distributionInfo>
            <gmd:MD_Distribution>
               <gmd:distributor>
                  <eum:MD_EUMDistributor xsi:type="eum:MD_EUMDistributor_Type">
                     <gmd:distributorContact>
                        <gmd:CI_ResponsibleParty>
                           <gmd:individualName>
                              <gco:CharacterString>Centro do Previsao de Tempo e Estudos Climaticos </gco:CharacterString>
                           </gmd:individualName>
                           <gmd:organisationName>
                              <gco:CharacterString>INPE/CPTEC</gco:CharacterString>
                           </gmd:organisationName>
                           
                           <gmd:contactInfo>
                              <gmd:CI_Contact>
                                 
                                 <gmd:address>
                                    <gmd:CI_Address>
                                       <gmd:deliveryPoint>
                                          <gco:CharacterString>Km,040 Rodovia Presidente Dutra</gco:CharacterString>
                                       </gmd:deliveryPoint>
                                       <gmd:city>
                                          <gco:CharacterString>12630-000 Cachoeira Paulista (SP)</gco:CharacterString>
                                       </gmd:city>
                                       <gmd:administrativeArea>
                                          <gco:CharacterString>Cachoeira Paulista (SP)</gco:CharacterString>
                                       </gmd:administrativeArea>
                                       <gmd:postalCode>
                                          <gco:CharacterString>D-64295</gco:CharacterString>
                                       </gmd:postalCode>
                                       <gmd:country>
                                          <gco:CharacterString>Brazil</gco:CharacterString>
                                       </gmd:country>
                                       <gmd:electronicMailAddress>
                                          <gco:CharacterString>willian.escobar@cptec.inpe.br</gco:CharacterString>
                                       </gmd:electronicMailAddress>
                                    </gmd:CI_Address>
                                 </gmd:address>
                              </gmd:CI_Contact>
                           </gmd:contactInfo>
                           <gmd:role>
                              <gmd:CI_RoleCode codeList="CI_RoleCode" codeListValue="originator"/>
                           </gmd:role>
                        </gmd:CI_ResponsibleParty>
                     </gmd:distributorContact>
                     
                                       
                                       
                                       
                                       
                                       
                                       
                                       
                                       <eum:digitalTransfers>
                        <eum:MD_EUMDigitalTransfer>
                           <eum:availability>
                              <eum:MD_EUMDigitalTransferOptions>
                                 <gmd:onLine>
                                    <gmd:CI_OnlineResource>
                                       <gmd:linkage>
                                          <gmd:URL>http://www.geonetcastamericas.noaa.gov/</gmd:URL>
                                       </gmd:linkage>
                                       <gmd:protocol>
                                          <gco:CharacterString>http</gco:CharacterString>
                                       </gmd:protocol>
                                       <gmd:name>
                                          <gco:CharacterString>GEONETCast-Americas</gco:CharacterString>
                                       </gmd:name>
                                       <gmd:function>
                                          <gmd:CI_OnLineFunctionCode codeList="CI_OnLineFunctionCode" codeListValue="order"/>
                                       </gmd:function>
                                    </gmd:CI_OnlineResource>
                                 </gmd:onLine>
                                 <eum:availability>
                                    <gco:CharacterString>GEONETCast-Americas</gco:CharacterString>
                                 </eum:availability>
                                 <eum:aggregateIdentifier>
                                    <gco:CharacterString/>
                                 </eum:aggregateIdentifier>
                                 <eum:eumetcastChannels>
                                    <gco:CharacterString/>
                                 </eum:eumetcastChannels>
                              </eum:MD_EUMDigitalTransferOptions>
                           </eum:availability>
                           <eum:format>
                              <eum:MD_EUMFormat>
                                 <gmd:name>
                                    <gco:CharacterString>PNG</gco:CharacterString>
                                 </gmd:name>
                                 <gmd:version>
                                    <gco:CharacterString/>
                                 </gmd:version>
                                 <eum:typicalFilename>
                                    <gco:CharacterString>INPE_RR2_YYYYMMDDHHMM.png</gco:CharacterString>
                                 </eum:typicalFilename>
                                 <eum:averageFileSizeUnits>
                                    <gco:CharacterString>KB</gco:CharacterString>
                                 </eum:averageFileSizeUnits>
                                 <eum:averageFileSize>
                                    <gco:Real>50.0</gco:Real>
                                 </eum:averageFileSize>
                                 <eum:frequency>
                                    <gco:CharacterString>1 (per day)</gco:CharacterString>
                                 </eum:frequency>
                              </eum:MD_EUMFormat>
                           </eum:format>
                        </eum:MD_EUMDigitalTransfer>
                     </eum:digitalTransfers>
                  </eum:MD_EUMDistributor>
               </gmd:distributor>
            </gmd:MD_Distribution>
         </gmd:distributionInfo>
      </gmi:MI_Metadata>