<?xml version="1.0" encoding="UTF-8"?><gmi:MI_Metadata xmlns:gmi="http://www.isotc211.org/2005/gmi" xmlns="http://www.isotc211.org/2005/gmd" xmlns:date="http://exslt.org/dates-and-times" xmlns:eum="http://www.eumetsat.int/2008/gmi" xmlns:fn="http://www.w3.org/TR/xpath-functions" xmlns:gco="http://www.isotc211.org/2005/gco" xmlns:gmd="http://www.isotc211.org/2005/gmd" xmlns:gml="http://www.opengis.net/gml" xmlns:str="http://exslt.org/strings" xmlns:xdt="http://www.w3.org/2005/02/xpath-datatypes" xmlns:xlink="http://www.w3.org/1999/xlink" xmlns:xs="http://www.w3.org/2001/XMLSchema" xmlns:xsi="http://www.w3.org/2001/XMLSchema-instance" xsi:type="gmi:MI_Metadata_Type">
         <fileIdentifier>
            <gco:CharacterString>EO_EUM_DAT_MULT_SERVIRFIRE</gco:CharacterString>
         </fileIdentifier>
         <language>
            <gco:CharacterString>eng</gco:CharacterString>
         </language>
         <hierarchyLevel>
            <MD_ScopeCode codeList="./resources/codeList.xml#MD_ScopeCode" codeListValue="series"/>
         </hierarchyLevel>











         
         
         
         
         
         
         
         
         
         
         
         
         
         
         
         
         
         
         
         
         
         
         
         
         
         
         
         
         
         
         <hierarchyLevelName>
            <gco:CharacterString>sat.aqua</gco:CharacterString>
         </hierarchyLevelName>
         <hierarchyLevelName>
            <gco:CharacterString>sat.terra</gco:CharacterString>
         </hierarchyLevelName>
         <hierarchyLevelName>
            <gco:CharacterString>theme.par.Land</gco:CharacterString>
         </hierarchyLevelName>
         <hierarchyLevelName>
            <gco:CharacterString>theme.par.Fire</gco:CharacterString>
         </hierarchyLevelName>
         <hierarchyLevelName>
            <gco:CharacterString>theme.par.Observation</gco:CharacterString>
         </hierarchyLevelName>
         <hierarchyLevelName>
            <gco:CharacterString>theme.par.Satellite_Data</gco:CharacterString>
         </hierarchyLevelName>
         <hierarchyLevelName>
            <gco:CharacterString>dis.EUMETCast-Europe</gco:CharacterString>
         </hierarchyLevelName>
         <hierarchyLevelName>
            <gco:CharacterString>dis.GEONETCast-Americas</gco:CharacterString>
         </hierarchyLevelName>
         <contact>
            <CI_ResponsibleParty>

               <organisationName>
                  <gco:CharacterString>NASA SERVIR</gco:CharacterString>
               </organisationName>
               <contactInfo>
                  <CI_Contact>
                     <address>
                        <CI_Address>
                           <deliveryPoint>
                              <gco:CharacterString>Suite 5K39</gco:CharacterString>
                           </deliveryPoint>
                           <city>
                              <gco:CharacterString>Washington, DC</gco:CharacterString>
                           </city>
                           <administrativeArea>
                              <gco:CharacterString>Public Communications Office, NASA Headquarters</gco:CharacterString>
                           </administrativeArea>
                           <postalCode>
                              <gco:CharacterString>20546-0001</gco:CharacterString>
                           </postalCode>
                           <country>
                              <gco:CharacterString>USA</gco:CharacterString>
                           </country>
                           <electronicMailAddress>
                              <gco:CharacterString>info@nasa.gov</gco:CharacterString>
                           </electronicMailAddress>
                        </CI_Address>
                     </address>
                     <onlineResource>
                        <CI_OnlineResource>
                           <linkage>
                              <URL>http://www.nasa.gov</URL>
                           </linkage>
                           <protocol>
                              <gco:CharacterString>http</gco:CharacterString>
                           </protocol>
                        </CI_OnlineResource>
                     </onlineResource>
                  </CI_Contact>
               </contactInfo>
               <role>
                  <CI_RoleCode codeList="./resources/codeList.xml#CI_RoleCode" codeListValue="owner"/>
               </role>
            </CI_ResponsibleParty>
         </contact>
         <dateStamp>
            <gco:Date>2009-08-31</gco:Date>
         </dateStamp>
         <metadataStandardName>
            <gco:CharacterString>ISO19115</gco:CharacterString>
         </metadataStandardName>
         <metadataStandardVersion>
            <gco:CharacterString>2003/Cor.1:2006</gco:CharacterString>
         </metadataStandardVersion>
         <identificationInfo>
            <MD_DataIdentification>
               <citation>
                  <CI_Citation>
                     <title>
                        <gco:CharacterString>Daily Fire Image - Central America</gco:CharacterString>
                     </title>


                     
                     
                     
                     <alternateTitle>
                        <gco:CharacterString>SERVIRFIRE</gco:CharacterString>
                     </alternateTitle>
                     <date>
                        <CI_Date>
                           <date>
                              <gco:Date>2009-03-23</gco:Date>
                           </date>
                           <dateType>
                              <CI_DateTypeCode codeList="./resources/codeList.xml#CI_DateTypeCode" codeListValue="creation"/>
                           </dateType>
                        </CI_Date>
                     </date>
                     <date>
                        <CI_Date>
                           <date>
                              <gco:Date>2010-05-12</gco:Date>
                           </date>
                           <dateType>
                              <CI_DateTypeCode codeList="./resources/codeList.xml#CI_DateTypeCode" codeListValue="revision"/>
                           </dateType>
                        </CI_Date>
                     </date>
                     <date>
                        <CI_Date>
                           <date>
                              <gco:Date>2009-04-23</gco:Date>
                           </date>
                           <dateType>
                              <CI_DateTypeCode codeList="./resources/codeList.xml#CI_DateTypeCode" codeListValue="publication"/>
                           </dateType>
                        </CI_Date>
                     </date>
                     <identifier>
                        <MD_Identifier>
                           <code>
                              <gco:CharacterString>EO:EUM:DAT:MULT:SERVIRFIRE</gco:CharacterString>
                           </code>
                        </MD_Identifier>
                     </identifier>
                                       
                     
                                       
                     
                                       <citedResponsibleParty>
                        <CI_ResponsibleParty>
                           <contactInfo>
                              <CI_Contact>
                                 <onlineResource>
                                    <CI_OnlineResource>
                                       <linkage>
                                          <URL>http://www.servir.net/images/imageviewer/imageviewer/fire_guatemala/aqua/1km/</URL>
                                       </linkage>
                                       <name>
                                          <gco:CharacterString>Index of images</gco:CharacterString>
                                       </name>
                                       <function>
                                          <CI_OnLineFunctionCode codeList="CI_OnLineFunctionCode" codeListValue="information"/>
                                       </function>
                                    </CI_OnlineResource>
                                 </onlineResource>
                              </CI_Contact>
                           </contactInfo>
                           <role>
                              <CI_RoleCode codeList="CI_RoleCode" codeListValue="author"/>
                           </role>
                        </CI_ResponsibleParty>
                     </citedResponsibleParty>
                     <citedResponsibleParty>
                        <CI_ResponsibleParty>
                           <contactInfo>
                              <CI_Contact>
                                 <onlineResource>
                                    <CI_OnlineResource>
                                       <linkage>
                                          <URL>http://www.servir.net/</URL>
                                       </linkage>
                                       <name>
                                          <gco:CharacterString>SERVIR</gco:CharacterString>
                                       </name>
                                       <function>
                                          <CI_OnLineFunctionCode codeList="CI_OnLineFunctionCode" codeListValue="information"/>
                                       </function>
                                    </CI_OnlineResource>
                                 </onlineResource>
                              </CI_Contact>
                           </contactInfo>
                           <role>
                              <CI_RoleCode codeList="CI_RoleCode" codeListValue="author"/>
                           </role>
                        </CI_ResponsibleParty>
                     </citedResponsibleParty>
                  </CI_Citation>
               </citation>
               <abstract>
                  <gco:CharacterString>The Daily Fire Image is a product used to monitor the location and extent of fires and their potential impact in the region. The images are based on MODIS data taken from on board the Terra and Aqua satellites. The data are processed within the SERVIR Fire Rapid Response System into fire products within 3-4 hours after acquisition. Three products are made from both Aqua and Terra at 250, 500 and 1000 meter spatial resolutions.</gco:CharacterString>
               </abstract>

               <pointOfContact>
                  <CI_ResponsibleParty>
                     <individualName>
                        <gco:CharacterString>SERVIR Regional Visualization and Monitoring System</gco:CharacterString>
                     </individualName>
                     <organisationName>
                        <gco:CharacterString>NASA SERVIR</gco:CharacterString>
                     </organisationName>
                     <contactInfo>
                        <CI_Contact>
                           <phone>
                              <CI_Telephone>
                                 <voice>
                                    <gco:CharacterString>(507)317-3200</gco:CharacterString>
                                 </voice>
                                 <facsimile>
                                    <gco:CharacterString>(507)317-3299</gco:CharacterString>
                                 </facsimile>
                              </CI_Telephone>
                           </phone>
                           <address>
                              <CI_Address>
                                 <deliveryPoint>
                                    <gco:CharacterString>111 Ciudad del Saber</gco:CharacterString>
                                 </deliveryPoint>
                                 <city>
                                    <gco:CharacterString>Clayton</gco:CharacterString>
                                 </city>
                                 <administrativeArea>
                                    <gco:CharacterString>Public Communications Office, NASA Headquarters</gco:CharacterString>
                                 </administrativeArea>
                                 <postalCode>
                                    <gco:CharacterString>0843-03102</gco:CharacterString>
                                 </postalCode>
                                 <country>
                                    <gco:CharacterString>Panama</gco:CharacterString>
                                 </country>
                                 <electronicMailAddress>
                                    <gco:CharacterString>info@nasa.gov</gco:CharacterString>
                                 </electronicMailAddress>
                              </CI_Address>
                           </address>
                           
                        </CI_Contact>
                     </contactInfo>
                     <role>
                        <CI_RoleCode codeList="./resources/codeList.xml#CI_RoleCode" codeListValue="originator"/>
                     </role>
                  </CI_ResponsibleParty>
               </pointOfContact>

               <graphicOverview>
                  <MD_BrowseGraphic>
                     <fileName>
                        <gco:CharacterString>/smartEditor/preview/SERVIR_FIRE.jpg</gco:CharacterString>
                     </fileName>
                  </MD_BrowseGraphic>
               </graphicOverview>
               <descriptiveKeywords>
                  <MD_Keywords>
                     <keyword>
                        <gco:CharacterString>Disasters</gco:CharacterString>
                     </keyword>
                     <keyword>
                        <gco:CharacterString>Agriculture</gco:CharacterString>
                     </keyword>
                     <type>
                        <MD_KeywordTypeCode codeList="http://metadata.dgiwg.org/codelistRegistry?MD_KeywordTypeCode" codeListValue="socialBenefitArea"/>
                     </type>
                  </MD_Keywords>
               </descriptiveKeywords>
               <descriptiveKeywords>
                  <MD_Keywords>
                     <keyword>
                        <gco:CharacterString>Land</gco:CharacterString>
                     </keyword>
                     <keyword>
                        <gco:CharacterString>Fire</gco:CharacterString>
                     </keyword>
                     <keyword>
                        <gco:CharacterString>Aqua</gco:CharacterString>
                     </keyword>
                     <keyword>
                        <gco:CharacterString>Terra</gco:CharacterString>
                     </keyword>
                     <keyword>
                        <gco:CharacterString>Observation</gco:CharacterString>
                     </keyword>
                     <keyword>
                        <gco:CharacterString>Satellite_Data</gco:CharacterString>
                     </keyword>
                     <type>
                        <MD_KeywordTypeCode codeList="http://metadata.dgiwg.org/codelistRegistry?MD_KeywordTypeCode" codeListValue="theme"/>
                     </type>
                  </MD_Keywords>
               </descriptiveKeywords>
               <descriptiveKeywords>
                  <MD_Keywords>
                     <keyword>
                        <gco:CharacterString>Land</gco:CharacterString>
                     </keyword>
                     <type>
                        <MD_KeywordTypeCode codeList="http://metadata.dgiwg.org/codelistRegistry?MD_KeywordTypeCode" codeListValue="discipline"/>
                     </type>
                  </MD_Keywords>
               </descriptiveKeywords>
               <descriptiveKeywords>
                  <MD_Keywords>
                     <keyword>
                        <gco:CharacterString>EUMETCast-Europe</gco:CharacterString>
                     </keyword>
                     <keyword>
                        <gco:CharacterString>GEONETCast-Americas</gco:CharacterString>
                     </keyword>
                     <type>
                        <MD_KeywordTypeCode codeList="http://metadata.dgiwg.org/codelistRegistry?MD_KeywordTypeCode" codeListValue="place"/>
                     </type>
                  </MD_Keywords>
               </descriptiveKeywords>


               <spatialRepresentationType>
                  <MD_SpatialRepresentationTypeCode codeList="MD_SpatialRepresentationTypeCode" codeListValue="grid"/>
               </spatialRepresentationType>

               <language>
                  <gco:CharacterString>eng</gco:CharacterString>
               </language>
               <characterSet>
                  <MD_CharacterSetCode codeList="/resources/codeList.xml#CI_CharacterSetCode" codeListValue="utf8"/>
               </characterSet>

               
               
               
               <topicCategory>
                  <MD_TopicCategoryCode>climatologyMeteorologyAtmosphere</MD_TopicCategoryCode>
               </topicCategory>
               <extent>
                  <EX_Extent>
                     <geographicElement>
                        <EX_GeographicDescription>
                           <geographicIdentifier>
                              <MD_Identifier>
                                 <code>
                                    <gco:CharacterString>Central America</gco:CharacterString>
                                 </code>
                              </MD_Identifier>
                           </geographicIdentifier>
                        </EX_GeographicDescription>
                     </geographicElement>
                  </EX_Extent>
               </extent>
               <extent>
                  <EX_Extent>
                     <geographicElement>
                        <EX_GeographicBoundingBox>
                           <westBoundLongitude>
                              <gco:Decimal>-93.0</gco:Decimal>
                           </westBoundLongitude>
                           <eastBoundLongitude>
                              <gco:Decimal>-87.0</gco:Decimal>
                           </eastBoundLongitude>
                           <southBoundLatitude>
                              <gco:Decimal>13.1</gco:Decimal>
                           </southBoundLatitude>
                           <northBoundLatitude>
                              <gco:Decimal>19.0</gco:Decimal>
                           </northBoundLatitude>
                        </EX_GeographicBoundingBox>
                     </geographicElement>
                  </EX_Extent>
               </extent>

            </MD_DataIdentification>
         </identificationInfo>
         <contentInfo>
            <gmi:MI_CoverageDescription>
               <attributeDescription>
                  <gco:RecordType/>
               </attributeDescription>
               <contentType>
                  <MD_CoverageContentTypeCode codeList="./resources/codeList.xml#CI_ContentTypeCode" codeListValue=""/>
               </contentType>
            </gmi:MI_CoverageDescription>
         </contentInfo>
         <distributionInfo>
            <MD_Distribution>
               <distributor>
                  <eum:MD_EUMDistributor>
                     <distributorContact>
                        <CI_ResponsibleParty>

                           <individualName>
                              <gco:CharacterString>SERVIR Regional Visualization and Monitoring System</gco:CharacterString>
                           </individualName>
                           <organisationName>
                              <gco:CharacterString>SERVIR</gco:CharacterString>
                           </organisationName>
                           <contactInfo>
                              <CI_Contact>
                                 <phone>
                                    <CI_Telephone>
                                       <voice>
                                          <gco:CharacterString>(507)317-3200</gco:CharacterString>
                                       </voice>
                                       <facsimile>
                                          <gco:CharacterString>(507)317-3299</gco:CharacterString>
                                       </facsimile>
                                    </CI_Telephone>
                                 </phone>
                                 <address>
                                    <CI_Address>
                                       <deliveryPoint>
                                          <gco:CharacterString>111 Ciudad del Saber</gco:CharacterString>
                                       </deliveryPoint>
                                       <city>
                                          <gco:CharacterString>Clayton</gco:CharacterString>
                                       </city>
                                       <administrativeArea>
                                          <gco:CharacterString>Public Communications Office, NASA Headquarters</gco:CharacterString>
                                       </administrativeArea>
                                       <postalCode>
                                          <gco:CharacterString>0843-03102</gco:CharacterString>
                                       </postalCode>
                                       <country>
                                          <gco:CharacterString>Panama</gco:CharacterString>
                                       </country>
                                       <electronicMailAddress>
                                          <gco:CharacterString>francisco.delgado@cathalac.org</gco:CharacterString>
                                       </electronicMailAddress>
                                    </CI_Address>
                                 </address>
                                 <onlineResource>
                                    <CI_OnlineResource>
                                       <linkage>
                                          <URL>http://www.servir.net/</URL>
                                       </linkage>
                                       <protocol>
                                          <gco:CharacterString>http</gco:CharacterString>
                                       </protocol>
                                    </CI_OnlineResource>
                                 </onlineResource>
                              </CI_Contact>
                           </contactInfo>
                           <role>
                              <CI_RoleCode codeList="./resources/codeList.xml#CI_RoleCode" codeListValue="originator"/>
                           </role>
                        </CI_ResponsibleParty>
                     </distributorContact>


                     
                     
                                       
                     
                                       
                     
                                       <eum:digitalTransfers>
                        <eum:MD_EUMDigitalTransfer>
                           <eum:availability>
                              <eum:MD_EUMDigitalTransferOptions>
                                 <onLine>
                                    <CI_OnlineResource>
                                       <linkage>
                                          <URL>http://eoportal.eumetsat.int/userMgmt</URL>
                                       </linkage>
                                       <protocol>
                                          <gco:CharacterString>http</gco:CharacterString>
                                       </protocol>
                                       <name>
                                          <gco:CharacterString>EO Portal Registration</gco:CharacterString>
                                       </name>
                                       <function>
                                          <CI_OnLineFunctionCode codeList="CI_OnLineFunctionCode" codeListValue="order"/>
                                       </function>
                                    </CI_OnlineResource>
                                 </onLine>
                                 <onLine>
                                    <CI_OnlineResource>
                                       <linkage>
                                          <URL>http://www.eumetsat.int/Home/Main/What_We_Do/EUMETCast/Reception_Station_Set-up/index.htm?l=en</URL>
                                       </linkage>
                                       <protocol>
                                          <gco:CharacterString>http</gco:CharacterString>
                                       </protocol>
                                       <name>
                                          <gco:CharacterString>Reception Station Set-up</gco:CharacterString>
                                       </name>
                                       <function>
                                          <CI_OnLineFunctionCode codeList="CI_OnLineFunctionCode" codeListValue="order"/>
                                       </function>
                                    </CI_OnlineResource>
                                 </onLine>
                                 <eum:availability>
                                    <gco:CharacterString>EUMETCast-Europe</gco:CharacterString>
                                 </eum:availability>
                                 <eum:aggregateIdentifier>
                                    <gco:CharacterString/>
                                 </eum:aggregateIdentifier>
                                 <eum:eumetcastChannels>
                                    <gco:CharacterString>Americas-CH1</gco:CharacterString>
                                 </eum:eumetcastChannels>
                              </eum:MD_EUMDigitalTransferOptions>
                           </eum:availability>
                           <eum:format>
                              <eum:MD_EUMFormat>
                                 <name>
                                    <gco:CharacterString>JPEG (1 km)</gco:CharacterString>
                                 </name>
                                 <version>
                                    <gco:CharacterString/>
                                 </version>
                                 <eum:typicalFilename>
                                    <gco:CharacterString>YYYY.MM.DD.MM.ma.guatemala_aqua_1km_fire.jpeg</gco:CharacterString>
                                 </eum:typicalFilename>
                                 <eum:typicalFilename>
                                    <gco:CharacterString>YYYY.MM.DD.MM.ma.guatemala_terra_1km_fire.jpeg</gco:CharacterString>
                                 </eum:typicalFilename>
                                 <eum:averageFileSizeUnits>
                                    <gco:CharacterString>KB</gco:CharacterString>
                                 </eum:averageFileSizeUnits>
                                 <eum:averageFileSize>
                                    <gco:Real>140.0</gco:Real>
                                 </eum:averageFileSize>
                                 <eum:frequency>
                                    <gco:CharacterString>1 (per day)</gco:CharacterString>
                                 </eum:frequency>
                              </eum:MD_EUMFormat>
                           </eum:format>
                           <eum:format>
                              <eum:MD_EUMFormat>
                                 <name>
                                    <gco:CharacterString>JPEG (500 m)</gco:CharacterString>
                                 </name>
                                 <version>
                                    <gco:CharacterString/>
                                 </version>
                                 <eum:typicalFilename>
                                    <gco:CharacterString>YYYY.MM.DD.MM.ma.guatemala_aqua_500m_fire.jpeg</gco:CharacterString>
                                 </eum:typicalFilename>
                                 <eum:typicalFilename>
                                    <gco:CharacterString>YYYY.MM.DD.MM.ma.guatemala_terra_500m_fire.jpeg</gco:CharacterString>
                                 </eum:typicalFilename>
                                 <eum:averageFileSizeUnits>
                                    <gco:CharacterString>KB</gco:CharacterString>
                                 </eum:averageFileSizeUnits>
                                 <eum:averageFileSize>
                                    <gco:Real>350.0</gco:Real>
                                 </eum:averageFileSize>
                                 <eum:frequency>
                                    <gco:CharacterString>1 (per day)</gco:CharacterString>
                                 </eum:frequency>
                              </eum:MD_EUMFormat>
                           </eum:format>
                           <eum:format>
                              <eum:MD_EUMFormat>
                                 <name>
                                    <gco:CharacterString>JPEG (250 m)</gco:CharacterString>
                                 </name>
                                 <version>
                                    <gco:CharacterString/>
                                 </version>
                                 <eum:typicalFilename>
                                    <gco:CharacterString>YYYY.MM.DD.MM.ma.guatemala_aqua_250m_fire.jpeg</gco:CharacterString>
                                 </eum:typicalFilename>
                                 <eum:typicalFilename>
                                    <gco:CharacterString>YYYY.MM.DD.MM.ma.guatemala_terra_250_fire.jpeg</gco:CharacterString>
                                 </eum:typicalFilename>
                                 <eum:averageFileSizeUnits>
                                    <gco:CharacterString>MB</gco:CharacterString>
                                 </eum:averageFileSizeUnits>
                                 <eum:averageFileSize>
                                    <gco:Real>1.0</gco:Real>
                                 </eum:averageFileSize>
                                 <eum:frequency>
                                    <gco:CharacterString>1 (per day)</gco:CharacterString>
                                 </eum:frequency>
                              </eum:MD_EUMFormat>
                           </eum:format>
                        </eum:MD_EUMDigitalTransfer>
                     </eum:digitalTransfers>
                     <eum:digitalTransfers>
                        <eum:MD_EUMDigitalTransfer>
                           <eum:availability>
                              <eum:MD_EUMDigitalTransferOptions>
                                 <onLine>
                                    <CI_OnlineResource>
                                       <linkage>
                                          <URL>http://www.geonetcastamericas.noaa.gov/</URL>
                                       </linkage>
                                       <protocol>
                                          <gco:CharacterString>http</gco:CharacterString>
                                       </protocol>
                                       <name>
                                          <gco:CharacterString>GEONETCast Americas</gco:CharacterString>
                                       </name>
                                       <function>
                                          <CI_OnLineFunctionCode codeList="CI_OnLineFunctionCode" codeListValue="order"/>
                                       </function>
                                    </CI_OnlineResource>
                                 </onLine>
                                 <eum:availability>
                                    <gco:CharacterString>GEONETCast-Americas</gco:CharacterString>
                                 </eum:availability>
                                 <eum:aggregateIdentifier>
                                    <gco:CharacterString/>
                                 </eum:aggregateIdentifier>
                                 <eum:eumetcastChannels>
                                    <gco:CharacterString/>
                                 </eum:eumetcastChannels>
                              </eum:MD_EUMDigitalTransferOptions>
                           </eum:availability>
                           <eum:format>
                              <eum:MD_EUMFormat>
                                 <name>
                                    <gco:CharacterString>JPEG (1 km) </gco:CharacterString>
                                 </name>
                                 <version>
                                    <gco:CharacterString/>
                                 </version>
                                 <eum:typicalFilename>
                                    <gco:CharacterString>YYYY.MM.DD.MM.ma.guatemala_aqua_1km_fire.jpeg </gco:CharacterString>
                                 </eum:typicalFilename>
                                 <eum:typicalFilename>
                                    <gco:CharacterString>YYYY.MM.DD.MM.ma.guatemala_terra_1km_fire.jpeg </gco:CharacterString>
                                 </eum:typicalFilename>
                                 <eum:averageFileSizeUnits>
                                    <gco:CharacterString>KB</gco:CharacterString>
                                 </eum:averageFileSizeUnits>
                                 <eum:averageFileSize>
                                    <gco:Real>140.0</gco:Real>
                                 </eum:averageFileSize>
                                 <eum:frequency>
                                    <gco:CharacterString>1 (per day) </gco:CharacterString>
                                 </eum:frequency>
                              </eum:MD_EUMFormat>
                           </eum:format>
                           <eum:format>
                              <eum:MD_EUMFormat>
                                 <name>
                                    <gco:CharacterString>PEG (500 m)</gco:CharacterString>
                                 </name>
                                 <version>
                                    <gco:CharacterString/>
                                 </version>
                                 <eum:typicalFilename>
                                    <gco:CharacterString>YYYY.MM.DD.MM.ma.guatemala_aqua_500m_fire.jpeg </gco:CharacterString>
                                 </eum:typicalFilename>
                                 <eum:typicalFilename>
                                    <gco:CharacterString>YYYY.MM.DD.MM.ma.guatemala_terra_500m_fire.jpeg</gco:CharacterString>
                                 </eum:typicalFilename>
                                 <eum:averageFileSizeUnits>
                                    <gco:CharacterString>KB</gco:CharacterString>
                                 </eum:averageFileSizeUnits>
                                 <eum:averageFileSize>
                                    <gco:Real>350.0</gco:Real>
                                 </eum:averageFileSize>
                                 <eum:frequency>
                                    <gco:CharacterString>1 (per day)</gco:CharacterString>
                                 </eum:frequency>
                              </eum:MD_EUMFormat>
                           </eum:format>
                           <eum:format>
                              <eum:MD_EUMFormat>
                                 <name>
                                    <gco:CharacterString>JPEG</gco:CharacterString>
                                 </name>
                                 <version>
                                    <gco:CharacterString/>
                                 </version>
                                 <eum:typicalFilename>
                                    <gco:CharacterString>YYYY.MM.DD.MM.ma.guatemala_aqua_250m_fire.jpeg </gco:CharacterString>
                                 </eum:typicalFilename>
                                 <eum:typicalFilename>
                                    <gco:CharacterString>YYYY.MM.DD.MM.ma.guatemala_terra_250_fire.jpeg </gco:CharacterString>
                                 </eum:typicalFilename>
                                 <eum:averageFileSizeUnits>
                                    <gco:CharacterString>MB</gco:CharacterString>
                                 </eum:averageFileSizeUnits>
                                 <eum:averageFileSize>
                                    <gco:Real>1.0</gco:Real>
                                 </eum:averageFileSize>
                                 <eum:fileFormatDescription>
                                    <gco:CharacterString>1 (per day)</gco:CharacterString>
                                 </eum:fileFormatDescription>
                              </eum:MD_EUMFormat>
                           </eum:format>
                        </eum:MD_EUMDigitalTransfer>
                     </eum:digitalTransfers>
                  </eum:MD_EUMDistributor>
               </distributor>
            </MD_Distribution>
         </distributionInfo>
         <gmi:acquisitionInformation>
            <gmi:MI_AcquisitionInformation>
               <gmi:platform>
                  <eum:MI_EUMPlatform>
                     <gmi:identifier>
                        <MD_Identifier>
                           <code>
                              <gco:CharacterString>aqua,terra</gco:CharacterString>
                           </code>
                        </MD_Identifier>
                     </gmi:identifier>
                     <gmi:description>
                        <gco:CharacterString/>
                     </gmi:description>

                     
                     
                     
                     <gmi:instrument>
                        <gmi:MI_Instrument>
                           <gmi:citation>
                              <CI_Citation>
                                 <title/>
                                 <date/>
                                 <identifier>
                                    <MD_Identifier>
                                       <code>
                                          <gco:CharacterString>MODIS</gco:CharacterString>
                                       </code>
                                    </MD_Identifier>
                                 </identifier>
                              </CI_Citation>
                           </gmi:citation>
                           <gmi:type>
                              <gmi:MI_SensorTypeCode id="spectroradiometer"/>
                           </gmi:type>
                        </gmi:MI_Instrument>
                     </gmi:instrument>
                     <eum:orbitType>
                        <eum:CI_OrbitTypeCode codeList="CI_OrbitTypeCode" codeListValue="LEO"/>
                     </eum:orbitType>
                  </eum:MI_EUMPlatform>
               </gmi:platform>
            </gmi:MI_AcquisitionInformation>
         </gmi:acquisitionInformation>
      </gmi:MI_Metadata>