<?xml version="1.0" encoding="UTF-8"?><gmi:MI_Metadata xmlns:gmi="http://www.isotc211.org/2005/gmi" xmlns="http://www.isotc211.org/2005/gmd" xmlns:date="http://exslt.org/dates-and-times" xmlns:eum="http://www.eumetsat.int/2008/gmi" xmlns:fn="http://www.w3.org/TR/xpath-functions" xmlns:gco="http://www.isotc211.org/2005/gco" xmlns:gmd="http://www.isotc211.org/2005/gmd" xmlns:gml="http://www.opengis.net/gml" xmlns:str="http://exslt.org/strings" xmlns:xdt="http://www.w3.org/2005/02/xpath-datatypes" xmlns:xlink="http://www.w3.org/1999/xlink" xmlns:xs="http://www.w3.org/2001/XMLSchema" xmlns:xsi="http://www.w3.org/2001/XMLSchema-instance">
<fileIdentifier>
<gco:CharacterString>EO_EUM_DAT_MSG_MSG15-RSS</gco:CharacterString>
</fileIdentifier>
<language>
<gco:CharacterString>eng</gco:CharacterString>
</language>
<hierarchyLevel>
<MD_ScopeCode codeList="./resources/codeList.xml#MD_ScopeCode" codeListValue="series"/>
</hierarchyLevel>
<hierarchyLevelName>
<gco:CharacterString>sat.MSG1</gco:CharacterString>
</hierarchyLevelName>
<hierarchyLevelName>
<gco:CharacterString>sat.MSG2</gco:CharacterString>
</hierarchyLevelName>
<hierarchyLevelName>
<gco:CharacterString>theme.par.Observation</gco:CharacterString>
</hierarchyLevelName>
<hierarchyLevelName>
<gco:CharacterString>theme.par.Satellite_Data</gco:CharacterString>
</hierarchyLevelName>
<hierarchyLevelName>
<gco:CharacterString>theme.par.GEONETCast</gco:CharacterString>
</hierarchyLevelName>
<hierarchyLevelName>
<gco:CharacterString>SBA.Weather</gco:CharacterString>
</hierarchyLevelName>
<hierarchyLevelName>
<gco:CharacterString>dis.EUMETSATArchive</gco:CharacterString>
</hierarchyLevelName>
<hierarchyLevelName>
<gco:CharacterString>dis.EUMETCast-Europe</gco:CharacterString>
</hierarchyLevelName>
<contact>
<CI_ResponsibleParty>
<individualName>
<gco:CharacterString/>
</individualName>
<organisationName>
<gco:CharacterString>EUMETSAT</gco:CharacterString>
</organisationName>
<contactInfo>
<CI_Contact>
<address>
<CI_Address>
<deliveryPoint>
<gco:CharacterString>EUMETSAT Allee 1</gco:CharacterString>
</deliveryPoint>
<city>
<gco:CharacterString>Darmstadt</gco:CharacterString>
</city>
<administrativeArea>
<gco:CharacterString>Hessen</gco:CharacterString>
</administrativeArea>
<postalCode>
<gco:CharacterString>64295</gco:CharacterString>
</postalCode>
<country>
<gco:CharacterString>Germany</gco:CharacterString>
</country>
<electronicMailAddress>
<gco:CharacterString>ops@eumetsat.int</gco:CharacterString>
</electronicMailAddress>
</CI_Address>
</address>
<onlineResource>
<CI_OnlineResource>
<linkage>
<URL>http://www.eumetsat.int</URL>
</linkage>
<protocol>
<gco:CharacterString>http</gco:CharacterString>
</protocol>
</CI_OnlineResource>
</onlineResource>
</CI_Contact>
</contactInfo>
<role>
<CI_RoleCode codeList="./resources/codeList.xml#CI_RoleCode" codeListValue="owner"/>
</role>
</CI_ResponsibleParty>
</contact>
<dateStamp>
<gco:Date>2009-08-31</gco:Date>
</dateStamp>
<metadataStandardName>
<gco:CharacterString>ISO19115</gco:CharacterString>
</metadataStandardName>
<metadataStandardVersion>
<gco:CharacterString>2003/Cor.1:2006</gco:CharacterString>
</metadataStandardVersion>
<identificationInfo>
<MD_DataIdentification>
<citation>
<CI_Citation>
<title>
<gco:CharacterString>Rapid Scan Meteosat SEVIRI Image Data - 0 degree</gco:CharacterString>
</title>
<alternateTitle>
<gco:CharacterString>MSG15-RSS</gco:CharacterString>
</alternateTitle>
<alternateTitle>
<gco:CharacterString>MSG15</gco:CharacterString>
</alternateTitle>
<date>
<CI_Date>
<date>
<gco:Date>2009-03-23</gco:Date>
</date>
<dateType>
<CI_DateTypeCode codeList="./resources/codeList.xml#CI_DateTypeCode" codeListValue="creation"/>
</dateType>
</CI_Date>
</date>
<date>
<CI_Date>
<date>
<gco:Date>2009-05-14</gco:Date>
</date>
<dateType>
<CI_DateTypeCode codeList="./resources/codeList.xml#CI_DateTypeCode" codeListValue="revision"/>
</dateType>
</CI_Date>
</date>
<date>
<CI_Date>
<date>
<gco:Date>2009-04-23</gco:Date>
</date>
<dateType>
<CI_DateTypeCode codeList="./resources/codeList.xml#CI_DateTypeCode" codeListValue="publication"/>
</dateType>
</CI_Date>
</date>
<identifier>
<MD_Identifier>
<code>
<gco:CharacterString>EO:EUM:DAT:MSG:MSG15-RSS</gco:CharacterString>
</code>
</MD_Identifier>
</identifier>
</CI_Citation>
</citation>
<abstract>
<gco:CharacterString>Rectified (level 1.5) Meteosat SEVIRI Rapid Scan image data. The baseline scan region is a reduced area of the top 1/3 of a nominal repeat cycle, covering a latitude range from approximately 15 degrees to 70 degrees. The service generates repeat cycles at 5-minute intervals (the same as currently used for weather radars). The dissemination of RSS data is similar to the normal dissemination, with image segments based on 464 lines and compatible with the full disk level 1.5 data scans. Epilogue and prologue (L1.5 Header and L1.5 Trailer) have the same structure. Calibration is as in Full Earth Scan. Image rectification is to 9.5 degreesE. The scans start at 00:00, 00:05, 00:10, 00:15 ... etc. (5 min scan). The differences from the nominal Full Earth scan are that for channels 1 - 11, only segments 6 - 8 are disseminated and for the High Resolution Visible Channel only segments 16 - 24 are disseminated.</gco:CharacterString>
</abstract>
<status>
<MD_ProgressCode codeList="./resources/codeList.xml#CI_OrbitTypeCode" codeListValue="Operational"/>
</status>
<pointOfContact>
<CI_ResponsibleParty>
<individualName>
<gco:CharacterString>European Organisation for the Exploitation of Meteorological Satellites</gco:CharacterString>
</individualName>
<organisationName>
<gco:CharacterString>EUMETSAT</gco:CharacterString>
</organisationName>
<contactInfo>
<CI_Contact>
<phone>
<CI_Telephone>
<voice>
<gco:CharacterString>+49(0)6151-807 366/377</gco:CharacterString>
</voice>
<facsimile>
<gco:CharacterString>+49(0)6151-807 379</gco:CharacterString>
</facsimile>
</CI_Telephone>
</phone>
<address>
<CI_Address>
<deliveryPoint>
<gco:CharacterString>EUMETSAT Allee 1</gco:CharacterString>
</deliveryPoint>
<city>
<gco:CharacterString>Darmstadt</gco:CharacterString>
</city>
<administrativeArea>
<gco:CharacterString>Hessen</gco:CharacterString>
</administrativeArea>
<postalCode>
<gco:CharacterString>64295</gco:CharacterString>
</postalCode>
<country>
<gco:CharacterString>Germany</gco:CharacterString>
</country>
<electronicMailAddress>
<gco:CharacterString>ops@eumetsat.int</gco:CharacterString>
</electronicMailAddress>
</CI_Address>
</address>
<onlineResource>
<CI_OnlineResource>
<linkage>
<URL>http://www.eumetsat.int</URL>
</linkage>
<protocol>
<gco:CharacterString>http</gco:CharacterString>
</protocol>
</CI_OnlineResource>
</onlineResource>
</CI_Contact>
</contactInfo>
<role>
<CI_RoleCode codeList="./resources/codeList.xml#CI_RoleCode" codeListValue="originator"/>
</role>
</CI_ResponsibleParty>
</pointOfContact>
<graphicOverview>
<MD_BrowseGraphic>
<fileName/>
<fileDescription>
<gco:CharacterString>preview</gco:CharacterString>
</fileDescription>
<fileType>
<gco:CharacterString>jpg</gco:CharacterString>
</fileType>
</MD_BrowseGraphic>
</graphicOverview>
<descriptiveKeywords>
<MD_Keywords>
<keyword>
<gco:CharacterString>Weather</gco:CharacterString>
</keyword>
<type>
<MD_KeywordTypeCode codeList="http://metadata.dgiwg.org/codelistRegistry?MD_KeywordTypeCode" codeListValue="socialBenefitArea"/>
</type>
</MD_Keywords>
</descriptiveKeywords>
<descriptiveKeywords>
<MD_Keywords>
<keyword>
<gco:CharacterString>Satellite Data</gco:CharacterString>
</keyword>
<type>
<MD_KeywordTypeCode codeList="http://metadata.dgiwg.org/codelistRegistry?MD_KeywordTypeCode" codeListValue="theme"/>
</type>
</MD_Keywords>
</descriptiveKeywords>
<descriptiveKeywords>
<MD_Keywords>
<keyword>
<gco:CharacterString>Satellite Data</gco:CharacterString>
</keyword>
<type>
<MD_KeywordTypeCode codeList="http://metadata.dgiwg.org/codelistRegistry?MD_KeywordTypeCode" codeListValue="discipline"/>
</type>
</MD_Keywords>
</descriptiveKeywords>
<descriptiveKeywords>
<MD_Keywords>
<keyword>
<gco:CharacterString>Europe</gco:CharacterString>
</keyword>
<type>
<MD_KeywordTypeCode codeList="http://metadata.dgiwg.org/codelistRegistry?MD_KeywordTypeCode" codeListValue="place"/>
</type>
</MD_Keywords>
</descriptiveKeywords>
<descriptiveKeywords>
<MD_Keywords>
<keyword>
<gco:CharacterString/>
</keyword>
<type>
<MD_KeywordTypeCode codeList="http://metadata.dgiwg.org/codelistRegistry?MD_KeywordTypeCode" codeListValue="temporal"/>
</type>
</MD_Keywords>
</descriptiveKeywords>
<resourceConstraints>
<MD_LegalConstraints>
<useConstraints>
<MD_RestrictionCode codeList="http://metadata.dgiwg.org/codelistRegistry?MD_RestrictionCode" codeListValue=""/>
</useConstraints>
</MD_LegalConstraints>
</resourceConstraints>
<spatialRepresentationType>
<MD_SpatialRepresentationTypeCode codeList="MD_SpatialRepresentationTypeCode" codeListValue="grid"/>
</spatialRepresentationType>
<spatialResolution>
<MD_Resolution>
<distance>
<gco:Distance uom="km">1.00</gco:Distance>
</distance>
</MD_Resolution>
</spatialResolution>
<language>
<gco:CharacterString>eng</gco:CharacterString>
</language>
<characterSet>
<MD_CharacterSetCode codeList="/resources/codeList.xml#CI_CharacterSetCode" codeListValue="utf8"/>
</characterSet>
<topicCategory>
<MD_TopicCategoryCode>climatologyMeteorologyAtmosphere</MD_TopicCategoryCode>
</topicCategory>
<extent>
<EX_Extent>
<geographicElement>
<EX_GeographicDescription>
<geographicIdentifier>
<MD_Identifier>
<code>
<gco:CharacterString>Reduced Disk Northern Hemisphere</gco:CharacterString>
</code>
</MD_Identifier>
</geographicIdentifier>
</EX_GeographicDescription>
</geographicElement>
</EX_Extent>
</extent>
<extent>
<EX_Extent>
<geographicElement>
<EX_GeographicBoundingBox>
<westBoundLongitude>
<gco:Decimal>-65.0</gco:Decimal>
</westBoundLongitude>
<eastBoundLongitude>
<gco:Decimal>84.0</gco:Decimal>
</eastBoundLongitude>
<southBoundLatitude>
<gco:Decimal>16.0</gco:Decimal>
</southBoundLatitude>
<northBoundLatitude>
<gco:Decimal>70.0</gco:Decimal>
</northBoundLatitude>
</EX_GeographicBoundingBox>
</geographicElement>
</EX_Extent>
</extent>
<extent>
<EX_Extent>
<temporalElement>
<EX_TemporalExtent>
<extent>
<gml:TimePeriod gml:id="ID0006">
<gml:beginPosition>2008-05-13</gml:beginPosition>
<gml:endPosition/>
</gml:TimePeriod>
</extent>
</EX_TemporalExtent>
</temporalElement>
</EX_Extent>
</extent>
</MD_DataIdentification>
</identificationInfo>
<contentInfo>
<gmi:MI_CoverageDescription>
<attributeDescription>
<gco:RecordType/>
</attributeDescription>
<contentType>
<MD_CoverageContentTypeCode codeList="./resources/codeList.xml#CI_ContentTypeCode" codeListValue=""/>
</contentType>
<dimension>
<gmi:MI_Band xsi:type="gmi:MI_Band_Type">
<descriptor>
<gco:CharacterString>VIS 0.6</gco:CharacterString>
</descriptor>
<units>
<gml:UnitDefinition gml:id="id_1">
<gml:identifier codeSpace="http://.../units"/>
</gml:UnitDefinition>
</units>
<gmi:nominalSpatialResolution>
<gco:Real>3.0</gco:Real>
</gmi:nominalSpatialResolution>
</gmi:MI_Band>
</dimension>
<dimension>
<gmi:MI_Band xsi:type="gmi:MI_Band_Type">
<descriptor>
<gco:CharacterString>VIS 0.8</gco:CharacterString>
</descriptor>
<units>
<gml:UnitDefinition gml:id="id_2">
<gml:identifier codeSpace="http://.../units"/>
</gml:UnitDefinition>
</units>
<gmi:nominalSpatialResolution>
<gco:Real>3.0</gco:Real>
</gmi:nominalSpatialResolution>
</gmi:MI_Band>
</dimension>
<dimension>
<gmi:MI_Band xsi:type="gmi:MI_Band_Type">
<descriptor>
<gco:CharacterString>IR 1.6</gco:CharacterString>
</descriptor>
<units>
<gml:UnitDefinition gml:id="id_3">
<gml:identifier codeSpace="http://.../units"/>
</gml:UnitDefinition>
</units>
<gmi:nominalSpatialResolution>
<gco:Real>3.0</gco:Real>
</gmi:nominalSpatialResolution>
</gmi:MI_Band>
</dimension>
<dimension>
<gmi:MI_Band xsi:type="gmi:MI_Band_Type">
<descriptor>
<gco:CharacterString>IR 3.9</gco:CharacterString>
</descriptor>
<units>
<gml:UnitDefinition gml:id="id_4">
<gml:identifier codeSpace="http://.../units"/>
</gml:UnitDefinition>
</units>
<gmi:nominalSpatialResolution>
<gco:Real>3.0</gco:Real>
</gmi:nominalSpatialResolution>
</gmi:MI_Band>
</dimension>
<dimension>
<gmi:MI_Band xsi:type="gmi:MI_Band_Type">
<descriptor>
<gco:CharacterString>WV 6.2</gco:CharacterString>
</descriptor>
<units>
<gml:UnitDefinition gml:id="id_5">
<gml:identifier codeSpace="http://.../units"/>
</gml:UnitDefinition>
</units>
<gmi:nominalSpatialResolution>
<gco:Real>3.0</gco:Real>
</gmi:nominalSpatialResolution>
</gmi:MI_Band>
</dimension>
<dimension>
<gmi:MI_Band xsi:type="gmi:MI_Band_Type">
<descriptor>
<gco:CharacterString>WV 7.3</gco:CharacterString>
</descriptor>
<units>
<gml:UnitDefinition gml:id="id_6">
<gml:identifier codeSpace="http://.../units"/>
</gml:UnitDefinition>
</units>
<gmi:nominalSpatialResolution>
<gco:Real>3.0</gco:Real>
</gmi:nominalSpatialResolution>
</gmi:MI_Band>
</dimension>
<dimension>
<gmi:MI_Band xsi:type="gmi:MI_Band_Type">
<descriptor>
<gco:CharacterString>IR 8.7</gco:CharacterString>
</descriptor>
<units>
<gml:UnitDefinition gml:id="id_7">
<gml:identifier codeSpace="http://.../units"/>
</gml:UnitDefinition>
</units>
<gmi:nominalSpatialResolution>
<gco:Real>3.0</gco:Real>
</gmi:nominalSpatialResolution>
</gmi:MI_Band>
</dimension>
<dimension>
<gmi:MI_Band xsi:type="gmi:MI_Band_Type">
<descriptor>
<gco:CharacterString>IR 9.7</gco:CharacterString>
</descriptor>
<units>
<gml:UnitDefinition gml:id="id_8">
<gml:identifier codeSpace="http://.../units"/>
</gml:UnitDefinition>
</units>
<gmi:nominalSpatialResolution>
<gco:Real>3.0</gco:Real>
</gmi:nominalSpatialResolution>
</gmi:MI_Band>
</dimension>
<dimension>
<gmi:MI_Band xsi:type="gmi:MI_Band_Type">
<descriptor>
<gco:CharacterString>IR 10.8</gco:CharacterString>
</descriptor>
<units>
<gml:UnitDefinition gml:id="id_9">
<gml:identifier codeSpace="http://.../units"/>
</gml:UnitDefinition>
</units>
<gmi:nominalSpatialResolution>
<gco:Real>3.0</gco:Real>
</gmi:nominalSpatialResolution>
</gmi:MI_Band>
</dimension>
<dimension>
<gmi:MI_Band xsi:type="gmi:MI_Band_Type">
<descriptor>
<gco:CharacterString>IR 12.0</gco:CharacterString>
</descriptor>
<units>
<gml:UnitDefinition gml:id="id_10">
<gml:identifier codeSpace="http://.../units"/>
</gml:UnitDefinition>
</units>
<gmi:nominalSpatialResolution>
<gco:Real>3.0</gco:Real>
</gmi:nominalSpatialResolution>
</gmi:MI_Band>
</dimension>
<dimension>
<gmi:MI_Band xsi:type="gmi:MI_Band_Type">
<descriptor>
<gco:CharacterString>IR 13.4</gco:CharacterString>
</descriptor>
<units>
<gml:UnitDefinition gml:id="id_11">
<gml:identifier codeSpace="http://.../units"/>
</gml:UnitDefinition>
</units>
<gmi:nominalSpatialResolution>
<gco:Real>3.0</gco:Real>
</gmi:nominalSpatialResolution>
</gmi:MI_Band>
</dimension>
<dimension>
<gmi:MI_Band xsi:type="gmi:MI_Band_Type">
<descriptor>
<gco:CharacterString>HRV</gco:CharacterString>
</descriptor>
<units/>
<gmi:nominalSpatialResolution>
<gco:Real>1.0</gco:Real>
</gmi:nominalSpatialResolution>
</gmi:MI_Band>
</dimension>
</gmi:MI_CoverageDescription>
</contentInfo>
<distributionInfo>
<MD_Distribution>
<distributor>
<eum:MD_EUMDistributor>
<distributorContact>
<CI_ResponsibleParty>
<individualName>
<gco:CharacterString/>
</individualName>
<organisationName>
<gco:CharacterString>EUMETSAT</gco:CharacterString>
</organisationName>
<contactInfo>
<CI_Contact>
<address>
<CI_Address>
<deliveryPoint>
<gco:CharacterString>EUMETSAT Allee 1</gco:CharacterString>
</deliveryPoint>
<city>
<gco:CharacterString>Darmstadt</gco:CharacterString>
</city>
<administrativeArea>
<gco:CharacterString>Hessen</gco:CharacterString>
</administrativeArea>
<postalCode>
<gco:CharacterString>64295</gco:CharacterString>
</postalCode>
<country>
<gco:CharacterString>Germany</gco:CharacterString>
</country>
<electronicMailAddress>
<gco:CharacterString>ops@eumetsat.int</gco:CharacterString>
</electronicMailAddress>
</CI_Address>
</address>
<onlineResource>
<CI_OnlineResource>
<linkage>
<URL>http://www.eumetsat.int</URL>
</linkage>
<protocol>
<gco:CharacterString>http</gco:CharacterString>
</protocol>
</CI_OnlineResource>
</onlineResource>
</CI_Contact>
</contactInfo>
<role>
<CI_RoleCode codeList="./resources/codeList.xml#CI_RoleCode" codeListValue="owner"/>
</role>
</CI_ResponsibleParty>
</distributorContact>
<eum:digitalTransfers>
<eum:MD_EUMDigitalTransfer>
<eum:availability>
<eum:MD_EUMDigitalTransferOptions>
<onLine>
<CI_OnlineResource>
<linkage>
<URL>http://archive.eumetsat.int/umarf/Jnlp?acronym=MSG15&amp;InstrumentMode=REDSCAN</URL>
</linkage>
<protocol>
<gco:CharacterString>http</gco:CharacterString>
</protocol>
<name>
<gco:CharacterString>EUMETSAT Data Centre</gco:CharacterString>
</name>
<function>
<CI_OnLineFunctionCode codeList="./resources/codeList.xml#CI_OnLineFunctionCode" codeListValue="order"/>
</function>
</CI_OnlineResource>
</onLine>
<eum:availability>
<gco:CharacterString>EUMETSAT Data Centre</gco:CharacterString>
</eum:availability>
<eum:aggregateIdentifier>
<gco:CharacterString/>
</eum:aggregateIdentifier>
</eum:MD_EUMDigitalTransferOptions>
</eum:availability>
<eum:format>
<eum:MD_EUMFormat>
<name>
<gco:CharacterString>BSQ</gco:CharacterString>
</name>
<version>
<gco:CharacterString/>
</version>
<eum:averageFileSizeUnits>
<gco:CharacterString>MB</gco:CharacterString>
</eum:averageFileSizeUnits>
<eum:averageFileSize>
<gco:Real>272.0</gco:Real>
</eum:averageFileSize>
<eum:frequency>
<gco:CharacterString>288 (per day)</gco:CharacterString>
</eum:frequency>
</eum:MD_EUMFormat>
</eum:format>
<eum:format>
<eum:MD_EUMFormat>
<name>
<gco:CharacterString>HRIT</gco:CharacterString>
</name>
<version>
<gco:CharacterString/>
</version>
<eum:averageFileSizeUnits>
<gco:CharacterString>MB</gco:CharacterString>
</eum:averageFileSizeUnits>
<eum:averageFileSize>
<gco:Real>1.0</gco:Real>
</eum:averageFileSize>
<eum:frequency>
<gco:CharacterString>288 (per day)</gco:CharacterString>
</eum:frequency>
</eum:MD_EUMFormat>
</eum:format>
<eum:format>
<eum:MD_EUMFormat>
<name>
<gco:CharacterString>HDF5</gco:CharacterString>
</name>
<version>
<gco:CharacterString/>
</version>
<eum:averageFileSizeUnits>
<gco:CharacterString>MB</gco:CharacterString>
</eum:averageFileSizeUnits>
<eum:averageFileSize>
<gco:Real>38.0</gco:Real>
</eum:averageFileSize>
<eum:frequency>
<gco:CharacterString>288 (per day)</gco:CharacterString>
</eum:frequency>
</eum:MD_EUMFormat>
</eum:format>
<eum:format>
<eum:MD_EUMFormat>
<name>
<gco:CharacterString>ISCCP B1 - B2 - AC</gco:CharacterString>
</name>
<version>
<gco:CharacterString/>
</version>
<eum:averageFileSizeUnits>
<gco:CharacterString>MB</gco:CharacterString>
</eum:averageFileSizeUnits>
<eum:averageFileSize>
<gco:Real>429.0</gco:Real>
</eum:averageFileSize>
<eum:frequency>
<gco:CharacterString>288 (per day)</gco:CharacterString>
</eum:frequency>
</eum:MD_EUMFormat>
</eum:format>
<eum:format>
<eum:MD_EUMFormat>
<name>
<gco:CharacterString>JPG, McIdas, PNG, TIFF</gco:CharacterString>
</name>
<version>
<gco:CharacterString/>
</version>
<eum:averageFileSizeUnits>
<gco:CharacterString>MB</gco:CharacterString>
</eum:averageFileSizeUnits>
<eum:averageFileSize>
<gco:Real>272.0</gco:Real>
</eum:averageFileSize>
<eum:frequency>
<gco:CharacterString>288 (per day)</gco:CharacterString>
</eum:frequency>
</eum:MD_EUMFormat>
</eum:format>
<eum:format>
<eum:MD_EUMFormat>
<name>
<gco:CharacterString>Native</gco:CharacterString>
</name>
<version>
<gco:CharacterString/>
</version>
<eum:averageFileSizeUnits>
<gco:CharacterString>MB</gco:CharacterString>
</eum:averageFileSizeUnits>
<eum:averageFileSize>
<gco:Real>109.0</gco:Real>
</eum:averageFileSize>
<eum:frequency>
<gco:CharacterString>288 (per day)</gco:CharacterString>
</eum:frequency>
</eum:MD_EUMFormat>
</eum:format>
</eum:MD_EUMDigitalTransfer>
</eum:digitalTransfers>
<eum:digitalTransfers>
<eum:MD_EUMDigitalTransfer>
<eum:availability>
<eum:MD_EUMDigitalTransferOptions>
<onLine>
<CI_OnlineResource>
<linkage>
<URL>http://eoportal.eumetsat.int/userMgmt</URL>
</linkage>
<protocol>
<gco:CharacterString>http</gco:CharacterString>
</protocol>
<name>
<gco:CharacterString>EO Portal Registration</gco:CharacterString>
</name>
<function>
<CI_OnLineFunctionCode codeList="./resources/codeList.xml#CI_OnLineFunctionCode" codeListValue="order"/>
</function>
</CI_OnlineResource>
</onLine>
<onLine>
<CI_OnlineResource>
<linkage>
<URL>http://www.eumetsat.int/Home/Main/What_We_Do/EUMETCast/Reception_Station_Set-up/index.htm?l=en</URL>
</linkage>
<protocol>
<gco:CharacterString>http</gco:CharacterString>
</protocol>
<name>
<gco:CharacterString>Reception Station Set-up</gco:CharacterString>
</name>
<function>
<CI_OnLineFunctionCode codeList="./resources/codeList.xml#CI_OnLineFunctionCode" codeListValue="order"/>
</function>
</CI_OnlineResource>
</onLine>
<eum:availability>
<gco:CharacterString>EUMETCast-Europe</gco:CharacterString>
</eum:availability>
<eum:aggregateIdentifier>
<gco:CharacterString/>
</eum:aggregateIdentifier>
<eum:eumetcastChannels>
<gco:CharacterString>EUMETSAT Data Channel 5</gco:CharacterString>
</eum:eumetcastChannels>
</eum:MD_EUMDigitalTransferOptions>
</eum:availability>
<eum:format>
<eum:MD_EUMFormat>
<name>
<gco:CharacterString>HRIT (lossless wavelet compressed)</gco:CharacterString>
</name>
<version>
<gco:CharacterString/>
</version>
<eum:typicalFilename>
<gco:CharacterString>H-000-MSG1__-MSG1_RSS____-HRV______-000016___-20 0707180555-C_</gco:CharacterString>
</eum:typicalFilename>
<eum:averageFileSizeUnits>
<gco:CharacterString>MB</gco:CharacterString>
</eum:averageFileSizeUnits>
<eum:averageFileSize>
<gco:Real>1.0</gco:Real>
</eum:averageFileSize>
<eum:frequency/>
</eum:MD_EUMFormat>
</eum:format>
</eum:MD_EUMDigitalTransfer>
</eum:digitalTransfers>
</eum:MD_EUMDistributor>
</distributor>
</MD_Distribution>
</distributionInfo>
<gmi:acquisitionInformation>
<gmi:MI_AcquisitionInformation>
<gmi:platform>
<eum:MI_EUMPlatform>
<gmi:identifier>
<MD_Identifier>
<code>
<gco:CharacterString>MSG</gco:CharacterString>
</code>
</MD_Identifier>
</gmi:identifier>
<gmi:description>
<gco:CharacterString>Meteosat Second Generation(Meteosat-8 - Meteosat-9)</gco:CharacterString>
</gmi:description>
<gmi:instrument>
<gmi:MI_Instrument>
<gmi:citation>
<CI_Citation>
<title>
<gco:CharacterString>SEVIRI</gco:CharacterString>
</title>
<date/>
<identifier>
<MD_Identifier>
<code>
<gco:CharacterString>SEVIRI</gco:CharacterString>
</code>
</MD_Identifier>
</identifier>
</CI_Citation>
</gmi:citation>
<gmi:type>
<gmi:MI_SensorTypeCode id="optical"/>
</gmi:type>
</gmi:MI_Instrument>
</gmi:instrument>
<eum:orbitType>
<eum:CI_OrbitTypeCode codeList="./resources/codeList.xml#CI_OrbitTypeCode" codeListValue="GEO"/>
</eum:orbitType>
</eum:MI_EUMPlatform>
</gmi:platform>
</gmi:MI_AcquisitionInformation>
</gmi:acquisitionInformation>
</gmi:MI_Metadata>