<?xml version="1.0" encoding="UTF-8"?><gmi:MI_Metadata xmlns:gmi="http://www.isotc211.org/2005/gmi" xmlns="http://www.isotc211.org/2005/gmd" xmlns:date="http://exslt.org/dates-and-times" xmlns:eum="http://www.eumetsat.int/2008/gmi" xmlns:fn="http://www.w3.org/TR/xpath-functions" xmlns:gco="http://www.isotc211.org/2005/gco" xmlns:gmd="http://www.isotc211.org/2005/gmd" xmlns:gml="http://www.opengis.net/gml" xmlns:str="http://exslt.org/strings" xmlns:xdt="http://www.w3.org/2005/02/xpath-datatypes" xmlns:xlink="http://www.w3.org/1999/xlink" xmlns:xs="http://www.w3.org/2001/XMLSchema" xmlns:xsi="http://www.w3.org/2001/XMLSchema-instance" xsi:type="gmi:MI_Metadata_Type">
         <fileIdentifier>
            <gco:CharacterString>EO_EUM_DAT_MULT_FCOVER</gco:CharacterString>
         </fileIdentifier>
         <language>
            <gco:CharacterString>eng</gco:CharacterString>
         </language>
         <hierarchyLevel>
            <MD_ScopeCode codeList="./resources/codeList.xml#MD_ScopeCode" codeListValue="series"/>
         </hierarchyLevel>








         
         
         
         
         
         
         
         
         
         
         
         
         
         
         
         
         
         
         
         
         
         
         
         
         
         
         
         
         
         
         
         
         
         
         
         
         
         
         
         
         
         
         
         
         
         
         
         
         
         
         
         
         
         
         
         
         
         
         
         
         
         
         
         
         
         
         
         
         
         
         
         
         <hierarchyLevelName>
            <gco:CharacterString>theme.par.Vegetation</gco:CharacterString>
         </hierarchyLevelName>
         <hierarchyLevelName>
            <gco:CharacterString>theme.par.Land</gco:CharacterString>
         </hierarchyLevelName>
         <hierarchyLevelName>
            <gco:CharacterString>theme.par.GEONETCast</gco:CharacterString>
         </hierarchyLevelName>
         <hierarchyLevelName>
            <gco:CharacterString>SBA.Agriculture</gco:CharacterString>
         </hierarchyLevelName>
         <hierarchyLevelName>
            <gco:CharacterString>SBA.Biodiversity</gco:CharacterString>
         </hierarchyLevelName>
         <hierarchyLevelName>
            <gco:CharacterString>dis.EUMETCast-Africa</gco:CharacterString>
         </hierarchyLevelName>
         <hierarchyLevelName>
            <gco:CharacterString>sat.SPOT</gco:CharacterString>
         </hierarchyLevelName>
         <contact>
            <CI_ResponsibleParty>

               <organisationName>
                  <gco:CharacterString>VITO</gco:CharacterString>
               </organisationName>
               <contactInfo>
                  <CI_Contact>
                     <address>
                        <CI_Address>
                           <deliveryPoint>
                              <gco:CharacterString>Boeretang 200</gco:CharacterString>
                           </deliveryPoint>
                           <city>
                              <gco:CharacterString>Mol</gco:CharacterString>
                           </city>
                           <administrativeArea>
                              <gco:CharacterString>VITO NV</gco:CharacterString>
                           </administrativeArea>
                           <postalCode>
                              <gco:CharacterString>2400</gco:CharacterString>
                           </postalCode>
                           <country>
                              <gco:CharacterString>Belgium</gco:CharacterString>
                           </country>
                           <electronicMailAddress>
                              <gco:CharacterString>info@vito.be</gco:CharacterString>
                           </electronicMailAddress>
                        </CI_Address>
                     </address>
                     <onlineResource>
                        <CI_OnlineResource>
                           <linkage>
                              <URL>http://www.vito.be/english/index.htm</URL>
                           </linkage>
                           <protocol>
                              <gco:CharacterString>http</gco:CharacterString>
                           </protocol>
                        </CI_OnlineResource>
                     </onlineResource>
                  </CI_Contact>
               </contactInfo>
               <role>
                  <CI_RoleCode codeList="./resources/codeList.xml#CI_RoleCode" codeListValue="owner"/>
               </role>
            </CI_ResponsibleParty>
         </contact>
         <dateStamp>
            <gco:Date>2009-08-31</gco:Date>
         </dateStamp>
         <metadataStandardName>
            <gco:CharacterString>ISO19115</gco:CharacterString>
         </metadataStandardName>
         <metadataStandardVersion>
            <gco:CharacterString>2003/Cor.1:2006</gco:CharacterString>
         </metadataStandardVersion>
         <identificationInfo>
            <MD_DataIdentification>
               <citation>
                  <CI_Citation>
                     <title>
                        <gco:CharacterString>Fractional Green Cover</gco:CharacterString>
                     </title>


                     
                     
                     
                     
                     
                     
                     
                     
                     
                     <alternateTitle>
                        <gco:CharacterString>FCOVER</gco:CharacterString>
                     </alternateTitle>
                     <date>
                        <CI_Date>
                           <date>
                              <gco:Date>2009-03-23</gco:Date>
                           </date>
                           <dateType>
                              <CI_DateTypeCode codeList="./resources/codeList.xml#CI_DateTypeCode" codeListValue="creation"/>
                           </dateType>
                        </CI_Date>
                     </date>
                     <date>
                        <CI_Date>
                           <date>
                              <gco:Date>2009-08-14</gco:Date>
                           </date>
                           <dateType>
                              <CI_DateTypeCode codeList="./resources/codeList.xml#CI_DateTypeCode" codeListValue="revision"/>
                           </dateType>
                        </CI_Date>
                     </date>
                     <date>
                        <CI_Date>
                           <date>
                              <gco:Date>2009-04-23</gco:Date>
                           </date>
                           <dateType>
                              <CI_DateTypeCode codeList="./resources/codeList.xml#CI_DateTypeCode" codeListValue="publication"/>
                           </dateType>
                        </CI_Date>
                     </date>
                     <identifier>
                        <MD_Identifier>
                           <code>
                              <gco:CharacterString>EO:EUM:DAT:MULT:FCOVER</gco:CharacterString>
                           </code>
                        </MD_Identifier>
                     </identifier>



                     
                     
                     
                                       
                     
                     
                                       
                     
                     
                                       
                     
                     
                                       
                     
                     
                                       
                     
                     
                                       
                     
                     
                                       
                     
                     
                                       
                     
                     
                                       <citedResponsibleParty>
                        <CI_ResponsibleParty>
                           <contactInfo>
                              <CI_Contact>
                                 <onlineResource>
                                    <CI_OnlineResource>
                                       <linkage>
                                          <URL>http://www.eumetsat.int/Home/Main/Access_to_Data/Environmental_Data_Services/index.htm?l=en</URL>
                                       </linkage>
                                       <name>
                                          <gco:CharacterString>EUMETSAT_Environmental_Services</gco:CharacterString>
                                       </name>
                                       <function>
                                          <CI_OnLineFunctionCode codeList="CI_OnLineFunctionCode" codeListValue="information"/>
                                       </function>
                                    </CI_OnlineResource>
                                 </onlineResource>
                              </CI_Contact>
                           </contactInfo>
                           <role>
                              <CI_RoleCode codeList="CI_RoleCode" codeListValue="author"/>
                           </role>
                        </CI_ResponsibleParty>
                     </citedResponsibleParty>
                     <citedResponsibleParty>
                        <CI_ResponsibleParty>
                           <contactInfo>
                              <CI_Contact>
                                 <onlineResource>
                                    <CI_OnlineResource>
                                       <linkage>
                                          <URL>http://www.devcocast.eu</URL>
                                       </linkage>
                                       <name>
                                          <gco:CharacterString>DevCoCast</gco:CharacterString>
                                       </name>
                                       <function>
                                          <CI_OnLineFunctionCode codeList="CI_OnLineFunctionCode" codeListValue="information"/>
                                       </function>
                                    </CI_OnlineResource>
                                 </onlineResource>
                              </CI_Contact>
                           </contactInfo>
                           <role>
                              <CI_RoleCode codeList="CI_RoleCode" codeListValue="author"/>
                           </role>
                        </CI_ResponsibleParty>
                     </citedResponsibleParty>
                     <citedResponsibleParty>
                        <CI_ResponsibleParty>
                           <contactInfo>
                              <CI_Contact>
                                 <onlineResource>
                                    <CI_OnlineResource>
                                       <linkage>
                                          <URL>http://www.vito.be/english/index.htm</URL>
                                       </linkage>
                                       <name>
                                          <gco:CharacterString>VITO</gco:CharacterString>
                                       </name>
                                       <function>
                                          <CI_OnLineFunctionCode codeList="CI_OnLineFunctionCode" codeListValue="information"/>
                                       </function>
                                    </CI_OnlineResource>
                                 </onlineResource>
                              </CI_Contact>
                           </contactInfo>
                           <role>
                              <CI_RoleCode codeList="CI_RoleCode" codeListValue="author"/>
                           </role>
                        </CI_ResponsibleParty>
                     </citedResponsibleParty>
                  </CI_Citation>
               </citation>
               <abstract>
                  <gco:CharacterString>The cover fraction fCover is the fraction of green vegetation covering a unit area of horizontal soil. It corresponds to the gap fraction in the nadir direction. It is generally close to fAPAR with the advantage of being defined independently of illumination conditions, making it an intrinsic canopy attribute. For these reasons, fCover is a very good candidate for substitution of classical vegetation indices. Note that fCover is also independent on leaf and soil optical properties although it is defined with reference to green elements. FCover typically varies from 0 (bare soil) to 1 (full cover). fCover is used to decouple vegetation and soil contributions in energy balance processes with particular attention to temperature and evapo-transpiration. Its inter-annual variations makes it possible to monitor the changes in land-use.</gco:CharacterString>
               </abstract>

               <pointOfContact>
                  <CI_ResponsibleParty>
                     <individualName>
                        <gco:CharacterString>Vlaamse Instelling voor Technologisch Onderzoek</gco:CharacterString>
                     </individualName>
                     <organisationName>
                        <gco:CharacterString>VITO</gco:CharacterString>
                     </organisationName>
                     <contactInfo>
                        <CI_Contact>
                           <phone>
                              <CI_Telephone>
                                 <voice>
                                    <gco:CharacterString>+ 32 14 33 55 11</gco:CharacterString>
                                 </voice>
                                 <facsimile>
                                    <gco:CharacterString>+ 32 14 33 55 99</gco:CharacterString>
                                 </facsimile>
                              </CI_Telephone>
                           </phone>
                           <address>
                              <CI_Address>
                                 <deliveryPoint>
                                    <gco:CharacterString>Boeretang 200</gco:CharacterString>
                                 </deliveryPoint>
                                 <city>
                                    <gco:CharacterString>Mol</gco:CharacterString>
                                 </city>
                                 <administrativeArea>
                                    <gco:CharacterString>VITO NV</gco:CharacterString>
                                 </administrativeArea>
                                 <postalCode>
                                    <gco:CharacterString>2400</gco:CharacterString>
                                 </postalCode>
                                 <country>
                                    <gco:CharacterString>Belgium</gco:CharacterString>
                                 </country>
                                 <electronicMailAddress>
                                    <gco:CharacterString>helpdesk@vgt.vito.be</gco:CharacterString>
                                 </electronicMailAddress>
                              </CI_Address>
                           </address>
                           <onlineResource>
                              <CI_OnlineResource>
                                 <linkage>
                                    <URL>http://www.vito.be/english/index.htm</URL>
                                 </linkage>
                                 <protocol>
                                    <gco:CharacterString>http</gco:CharacterString>
                                 </protocol>
                              </CI_OnlineResource>
                           </onlineResource>
                        </CI_Contact>
                     </contactInfo>
                     <role>
                        <CI_RoleCode codeList="./resources/codeList.xml#CI_RoleCode" codeListValue="originator"/>
                     </role>
                  </CI_ResponsibleParty>
               </pointOfContact>

               <descriptiveKeywords>
                  <MD_Keywords>
                     <keyword>
                        <gco:CharacterString>Agriculture</gco:CharacterString>
                     </keyword>
                     <keyword>
                        <gco:CharacterString>Biodiversity</gco:CharacterString>
                     </keyword>
                     <type>
                        <MD_KeywordTypeCode codeList="http://metadata.dgiwg.org/codelistRegistry?MD_KeywordTypeCode" codeListValue="socialBenefitArea"/>
                     </type>
                  </MD_Keywords>
               </descriptiveKeywords>
               <descriptiveKeywords>
                  <MD_Keywords>
                     <keyword>
                        <gco:CharacterString>Land</gco:CharacterString>
                     </keyword>
                     <type>
                        <MD_KeywordTypeCode codeList="http://metadata.dgiwg.org/codelistRegistry?MD_KeywordTypeCode" codeListValue="theme"/>
                     </type>
                  </MD_Keywords>
               </descriptiveKeywords>
               <descriptiveKeywords>
                  <MD_Keywords>
                     <keyword>
                        <gco:CharacterString>Land</gco:CharacterString>
                     </keyword>
                     <type>
                        <MD_KeywordTypeCode codeList="http://metadata.dgiwg.org/codelistRegistry?MD_KeywordTypeCode" codeListValue="discipline"/>
                     </type>
                  </MD_Keywords>
               </descriptiveKeywords>
               <descriptiveKeywords>
                  <MD_Keywords>
                     <keyword>
                        <gco:CharacterString>Africa</gco:CharacterString>
                     </keyword>
                     <type>
                        <MD_KeywordTypeCode codeList="http://metadata.dgiwg.org/codelistRegistry?MD_KeywordTypeCode" codeListValue="place"/>
                     </type>
                  </MD_Keywords>
               </descriptiveKeywords>


               
               
               <resourceConstraints>
                  <MD_LegalConstraints>
                     <useConstraints>
                        <MD_RestrictionCode codeList="MD_RestrictionCode" codeListValue="copyright"/>
                     </useConstraints>
                  </MD_LegalConstraints>
               </resourceConstraints>
               <resourceConstraints>
                  <MD_SecurityConstraints>
                     <classification>
                        <MD_ClassificationCode codeList="MD_ClassificationCode" codeListValue="restricted"/>
                     </classification>
                  </MD_SecurityConstraints>
               </resourceConstraints>
               <spatialRepresentationType>
                  <MD_SpatialRepresentationTypeCode codeList="MD_SpatialRepresentationTypeCode" codeListValue="grid"/>
               </spatialRepresentationType>

               <language>
                  <gco:CharacterString>eng</gco:CharacterString>
               </language>
               <characterSet>
                  <MD_CharacterSetCode codeList="/resources/codeList.xml#CI_CharacterSetCode" codeListValue="utf8"/>
               </characterSet>

               
               
               
               
               
               
               
               
               
               <topicCategory>
                  <MD_TopicCategoryCode>climatologyMeteorologyAtmosphere</MD_TopicCategoryCode>
               </topicCategory>
               <extent>
                  <EX_Extent>
                     <geographicElement>
                        <EX_GeographicDescription>
                           <geographicIdentifier>
                              <MD_Identifier>
                                 <code>
                                    <gco:CharacterString>Africa</gco:CharacterString>
                                 </code>
                              </MD_Identifier>
                           </geographicIdentifier>
                        </EX_GeographicDescription>
                     </geographicElement>
                  </EX_Extent>
               </extent>
               <extent>
                  <EX_Extent>
                     <geographicElement>
                        <EX_GeographicBoundingBox>
                           <westBoundLongitude>
                              <gco:Decimal>-26.0</gco:Decimal>
                           </westBoundLongitude>
                           <eastBoundLongitude>
                              <gco:Decimal>60.0</gco:Decimal>
                           </eastBoundLongitude>
                           <southBoundLatitude>
                              <gco:Decimal>-35.0</gco:Decimal>
                           </southBoundLatitude>
                           <northBoundLatitude>
                              <gco:Decimal>38.0</gco:Decimal>
                           </northBoundLatitude>
                        </EX_GeographicBoundingBox>
                     </geographicElement>
                  </EX_Extent>
               </extent>

            </MD_DataIdentification>
         </identificationInfo>
         <contentInfo>
            <gmi:MI_CoverageDescription>
               <attributeDescription>
                  <gco:RecordType/>
               </attributeDescription>
               <contentType>
                  <MD_CoverageContentTypeCode codeList="./resources/codeList.xml#CI_ContentTypeCode" codeListValue=""/>
               </contentType>
            </gmi:MI_CoverageDescription>
         </contentInfo>
         <distributionInfo>
            <MD_Distribution>
               <distributor>
                  <eum:MD_EUMDistributor>
                     <distributorContact>
                        <CI_ResponsibleParty>

                           <organisationName>
                              <gco:CharacterString>VITO</gco:CharacterString>
                           </organisationName>
                           <contactInfo>
                              <CI_Contact>
                                 <address>
                                    <CI_Address>
                                       <deliveryPoint>
                                          <gco:CharacterString>Boeretang 200</gco:CharacterString>
                                       </deliveryPoint>
                                       <city>
                                          <gco:CharacterString>Mol</gco:CharacterString>
                                       </city>
                                       <administrativeArea>
                                          <gco:CharacterString>VITO NV</gco:CharacterString>
                                       </administrativeArea>
                                       <postalCode>
                                          <gco:CharacterString>2400</gco:CharacterString>
                                       </postalCode>
                                       <country>
                                          <gco:CharacterString>Belgium</gco:CharacterString>
                                       </country>
                                       <electronicMailAddress>
                                          <gco:CharacterString>info@vito.be</gco:CharacterString>
                                       </electronicMailAddress>
                                    </CI_Address>
                                 </address>
                                 <onlineResource>
                                    <CI_OnlineResource>
                                       <linkage>
                                          <URL>http://www.vito.be/english/index.htm</URL>
                                       </linkage>
                                       <protocol>
                                          <gco:CharacterString>http</gco:CharacterString>
                                       </protocol>
                                    </CI_OnlineResource>
                                 </onlineResource>
                              </CI_Contact>
                           </contactInfo>
                           <role>
                              <CI_RoleCode codeList="./resources/codeList.xml#CI_RoleCode" codeListValue="owner"/>
                           </role>
                        </CI_ResponsibleParty>
                     </distributorContact>

                     
                                       
                                       
                                       
                                       
                                       
                                       
                                       
                                       
                                       <eum:digitalTransfers>
                        <eum:MD_EUMDigitalTransfer>
                           <eum:availability>
                              <eum:MD_EUMDigitalTransferOptions>
                                 <onLine>
                                    <CI_OnlineResource>
                                       <linkage>
                                          <URL>http://eoportal.eumetsat.int/userMgmt</URL>
                                       </linkage>
                                       <protocol>
                                          <gco:CharacterString>http</gco:CharacterString>
                                       </protocol>
                                       <name>
                                          <gco:CharacterString>EO Portal Registration</gco:CharacterString>
                                       </name>
                                       <function>
                                          <CI_OnLineFunctionCode codeList="CI_OnLineFunctionCode" codeListValue="order"/>
                                       </function>
                                    </CI_OnlineResource>
                                 </onLine>
                                 <onLine>
                                    <CI_OnlineResource>
                                       <linkage>
                                          <URL>http://www.eumetsat.int/Home/Main/What_We_Do/EUMETCast/Reception_Station_Set-up/index.htm?l=en</URL>
                                       </linkage>
                                       <protocol>
                                          <gco:CharacterString>http</gco:CharacterString>
                                       </protocol>
                                       <name>
                                          <gco:CharacterString>Reception Station Set-up</gco:CharacterString>
                                       </name>
                                       <function>
                                          <CI_OnLineFunctionCode codeList="CI_OnLineFunctionCode" codeListValue="order"/>
                                       </function>
                                    </CI_OnlineResource>
                                 </onLine>
                                 <eum:availability>
                                    <gco:CharacterString>EUMETCast-Africa,EUMETCast-Europe</gco:CharacterString>
                                 </eum:availability>
                                 <eum:aggregateIdentifier>
                                    <gco:CharacterString/>
                                 </eum:aggregateIdentifier>
                                 <eum:eumetcastChannels>
                                    <gco:CharacterString>EUMETSAT Data Channel 3</gco:CharacterString>
                                 </eum:eumetcastChannels>
                              </eum:MD_EUMDigitalTransferOptions>
                           </eum:availability>
                           <eum:format>
                              <eum:MD_EUMFormat>
                                 <name>
                                    <gco:CharacterString>HDF, TIFF, TXT, XML, </gco:CharacterString>
                                 </name>
                                 <version>
                                    <gco:CharacterString/>
                                 </version>
                                 <eum:typicalFilename>
                                    <gco:CharacterString>VGT4AFRICA_FCOVER_20060101_Africa.ZIP</gco:CharacterString>
                                 </eum:typicalFilename>
                                 <eum:averageFileSizeUnits>
                                    <gco:CharacterString>MB</gco:CharacterString>
                                 </eum:averageFileSizeUnits>
                                 <eum:averageFileSize>
                                    <gco:Real>30.0</gco:Real>
                                 </eum:averageFileSize>
                                 <eum:frequency>
                                    <gco:CharacterString>3 (per month)</gco:CharacterString>
                                 </eum:frequency>
                              </eum:MD_EUMFormat>
                           </eum:format>
                        </eum:MD_EUMDigitalTransfer>
                     </eum:digitalTransfers>
                  </eum:MD_EUMDistributor>
               </distributor>
            </MD_Distribution>
         </distributionInfo>
         <gmi:acquisitionInformation>
            <gmi:MI_AcquisitionInformation>
               <gmi:platform>
                  <eum:MI_EUMPlatform>
                     <gmi:identifier>
                        <MD_Identifier>
                           <code>
                              <gco:CharacterString>SPOT</gco:CharacterString>
                           </code>
                        </MD_Identifier>
                     </gmi:identifier>
                     <gmi:description>
                        <gco:CharacterString>SPOT 5</gco:CharacterString>
                     </gmi:description>

                     
                                       
                                       
                                       
                                       
                                       
                                       
                                       
                     
                     <gmi:instrument>
                        <gmi:MI_Instrument>
                           <gmi:citation>
                              <CI_Citation>
                                 <title/>
                                 <date/>
                                 <identifier>
                                    <MD_Identifier>
                                       <code>
                                          <gco:CharacterString>VEGETATION 2</gco:CharacterString>
                                       </code>
                                    </MD_Identifier>
                                 </identifier>
                              </CI_Citation>
                           </gmi:citation>
                           <gmi:type>
                              <gmi:MI_SensorTypeCode id="optical"/>
                           </gmi:type>
                        </gmi:MI_Instrument>
                     </gmi:instrument>
                     <eum:orbitType>
                        <eum:CI_OrbitTypeCode codeList="CI_OrbitTypeCode" codeListValue="LEO"/>
                     </eum:orbitType>
                  </eum:MI_EUMPlatform>
               </gmi:platform>
            </gmi:MI_AcquisitionInformation>
         </gmi:acquisitionInformation>
      </gmi:MI_Metadata>