<?xml version="1.0" encoding="UTF-8"?><gmi:MI_Metadata xmlns:gmi="http://www.isotc211.org/2005/gmi" xmlns:eum="http://www.eumetsat.int/2008/gmi" xmlns:gco="http://www.isotc211.org/2005/gco" xmlns:gmd="http://www.isotc211.org/2005/gmd" xmlns:xsi="http://www.w3.org/2001/XMLSchema-instance" id="VMAP0" uuid="US_NGA_VPF_VMAP0" xsi:schemaLocation="http://www.isotc211.org/2005/gmd ../schemas/apiso/apiso.xsd" xsi:type="gmi:MI_Metadata_Type">
	         <gmd:fileIdentifier>
            <gco:CharacterString>EO_EUM_DAT_METOP_IASSND02</gco:CharacterString>
         </gmd:fileIdentifier>
         <gmd:hierarchyLevel>
                    <gmd:MD_ScopeCode codeList="MD_ScopeCode" codeListValue="series"/>
             </gmd:hierarchyLevel>
             
         
         
         
         
         
         
         
         
         
         
         
         
         
         
         
         
         
         
         
         
         
         
         
         
         
         
         
         
         
         
         
         
         
         
         
         
         
         
         
         
         
         
         
         
         
         
         
         
         
         
         
         
         
         <gmd:hierarchyLevelName>
            <gco:CharacterString>sat.M02.IASI</gco:CharacterString>
         </gmd:hierarchyLevelName>
         <gmd:hierarchyLevelName>
            <gco:CharacterString>sat.M02</gco:CharacterString>
         </gmd:hierarchyLevelName>
         <gmd:hierarchyLevelName>
            <gco:CharacterString>theme.par.Atmosphere</gco:CharacterString>
         </gmd:hierarchyLevelName>
         <gmd:hierarchyLevelName>
            <gco:CharacterString>SBA.Weather</gco:CharacterString>
         </gmd:hierarchyLevelName>
         <gmd:hierarchyLevelName>
            <gco:CharacterString>dis.EUMETSATArchive</gco:CharacterString>
         </gmd:hierarchyLevelName>
         <gmd:hierarchyLevelName>
            <gco:CharacterString>theme.par.Satellite_Data</gco:CharacterString>
         </gmd:hierarchyLevelName>
         <gmd:contact>
		            <gmd:CI_ResponsibleParty>
			               <gmd:role>
				                  <gmd:CI_RoleCode codeList="CI_RoleCode" codeListValue="author"/>
			               </gmd:role>
		            </gmd:CI_ResponsibleParty>
	         </gmd:contact>
	         <gmd:dateStamp>
		            <gco:Date>2010-03-22</gco:Date>
	         </gmd:dateStamp>
	         <gmd:metadataStandardName>
		            <gco:CharacterString>ISO19115</gco:CharacterString>
	         </gmd:metadataStandardName>
	         <gmd:metadataStandardVersion>
		            <gco:CharacterString>2003/Cor.1:2006</gco:CharacterString>
	         </gmd:metadataStandardVersion>
	
	         <gmd:identificationInfo>
		            <gmd:MD_DataIdentification>
			               <gmd:citation>
				                  <gmd:CI_Citation>
					                     <gmd:title>
						                        <gco:CharacterString>IASI Combined Sounding Products - Metop</gco:CharacterString>
					                     </gmd:title>
					                     
                     
                     
                     
                     
                     
                     
                     
                     
                     
                     <gmd:alternateTitle>
                        <gco:CharacterString>IASSND02</gco:CharacterString>
                     </gmd:alternateTitle>
                     <gmd:date>
						                        <gmd:CI_Date>
							                           <gmd:date>
								                              <gco:Date>2010-03-22</gco:Date>
							                           </gmd:date>
							                           <gmd:dateType>
								                              <gmd:CI_DateTypeCode codeList="CI_DateTypeCode" codeListValue="creation"/>
							                           </gmd:dateType>
						                        </gmd:CI_Date>
					                     </gmd:date>
				                     <gmd:date>
                        <gmd:CI_Date>
                           <gmd:date>
                              <gco:Date>2010-06-21</gco:Date>
                           </gmd:date>
                           <gmd:dateType>
                              <gmd:CI_DateTypeCode codeList="CI_DateTypeCode" codeListValue="revision"/>
                           </gmd:dateType>
                        </gmd:CI_Date>
                     </gmd:date>
                     <gmd:date>
                        <gmd:CI_Date>
                           <gmd:date>
                              <gco:Date>2010-03-22</gco:Date>
                           </gmd:date>
                           <gmd:dateType>
                              <gmd:CI_DateTypeCode codeList="CI_DateTypeCode" codeListValue="publication"/>
                           </gmd:dateType>
                        </gmd:CI_Date>
                     </gmd:date>
                     <gmd:identifier>
                        <gmd:MD_Identifier>
                           <gmd:code>
                              <gco:CharacterString>EO:EUM:DAT:METOP:IASSND02</gco:CharacterString>
                           </gmd:code>
                        </gmd:MD_Identifier>
                     </gmd:identifier>
                     
                                       
                                       
                                       
                                       
                                       
                                       
                                       
                                       
                                       <gmd:citedResponsibleParty>
                        <gmd:CI_ResponsibleParty>
                           <gmd:contactInfo>
                              <gmd:CI_Contact>
                                 <gmd:onlineResource>
                                    <gmd:CI_OnlineResource>
                                       <gmd:linkage>
                                          <gmd:URL>http://www.eumetsat.int/Home/Main/Documentation/Technical_and_Scientific_Documentation/EPS_Product_Guides/index.htm?l=en</gmd:URL>
                                       </gmd:linkage>
                                       <gmd:name>
                                          <gco:CharacterString>EPS Product Guides</gco:CharacterString>
                                       </gmd:name>
                                       <gmd:function>
                                          <gmd:CI_OnLineFunctionCode codeList="CI_OnLineFunctionCode" codeListValue="information"/>
                                       </gmd:function>
                                    </gmd:CI_OnlineResource>
                                 </gmd:onlineResource>
                              </gmd:CI_Contact>
                           </gmd:contactInfo>
                           <gmd:role>
                              <gmd:CI_RoleCode codeList="CI_RoleCode" codeListValue="author"/>
                           </gmd:role>
                        </gmd:CI_ResponsibleParty>
                     </gmd:citedResponsibleParty>
                  </gmd:CI_Citation>
			               </gmd:citation>
			               <gmd:abstract>
				                  <gco:CharacterString>The main objective of the Infrared Atmospheric Sounding Interferometer (IASI) is to provide high resolution atmospheric emission spectra to derive temperature and humidity profiles with high spectral and vertical resolution and accuracy. Additionally, it is used for the determination of trace gases such as ozone, as well as land and sea surface temperature, emissivity and cloud properties. This combined product (IASI Atmospheric Temperature Water Vapour and Surface Skin Temperature; IASI Cloud Parameters; IASI Ozone and IASI Trace Gases contains temperature Profiles, Humidity Profiles, Surface Temperature, Fractional Cloud Cover, Cloud Top Temperature, Cloud Top Pressure, Cloud Phase, Total Column Ozone, Columnar ozone amounts in thick layers, Total column N2O, CO, CH4, CO2 - all combined in one product.</gco:CharacterString>
			               </gmd:abstract>
			               <gmd:pointOfContact>
                  <gmd:CI_ResponsibleParty>
                     <gmd:individualName>
                        <gco:CharacterString>European Organisation for the Exploitation of Meteorological Satellites</gco:CharacterString>
                     </gmd:individualName>
                     <gmd:organisationName>
                        <gco:CharacterString>EUMETSAT</gco:CharacterString>
                     </gmd:organisationName>
                     <gmd:positionName>
                        <gco:CharacterString>-</gco:CharacterString>
                     </gmd:positionName>
                     <gmd:contactInfo>
                        <gmd:CI_Contact>
                           <gmd:phone>
                              <gmd:CI_Telephone>
                                 <gmd:voice>
                                    <gco:CharacterString>+49(0)6151-807 7</gco:CharacterString>
                                 </gmd:voice>
                                 <gmd:facsimile>
                                    <gco:CharacterString>+49(0)6151-807 555</gco:CharacterString>
                                 </gmd:facsimile>
                              </gmd:CI_Telephone>
                           </gmd:phone>
                           <gmd:address>
                              <gmd:CI_Address>
                                 <gmd:deliveryPoint>
                                    <gco:CharacterString>Am Kavalleriesand 31</gco:CharacterString>
                                 </gmd:deliveryPoint>
                                 <gmd:city>
                                    <gco:CharacterString>Darmstadt</gco:CharacterString>
                                 </gmd:city>
                                 <gmd:administrativeArea>
                                    <gco:CharacterString>Hessen</gco:CharacterString>
                                 </gmd:administrativeArea>
                                 <gmd:postalCode>
                                    <gco:CharacterString>D-64295</gco:CharacterString>
                                 </gmd:postalCode>
                                 <gmd:country>
                                    <gco:CharacterString>Germany</gco:CharacterString>
                                 </gmd:country>
                                 <gmd:electronicMailAddress>
                                    <gco:CharacterString>ops@eumetsat.int</gco:CharacterString>
                                 </gmd:electronicMailAddress>
                              </gmd:CI_Address>
                           </gmd:address>
                        </gmd:CI_Contact>
                     </gmd:contactInfo>
                     <gmd:role>
                        <gmd:CI_RoleCode codeList="CI_RoleCode" codeListValue="originator"/>
                     </gmd:role>
                  </gmd:CI_ResponsibleParty>
               </gmd:pointOfContact>
               <gmd:descriptiveKeywords>
                  <gmd:MD_Keywords>
                     <gmd:keyword>
                        <gco:CharacterString>Atmosphere</gco:CharacterString>
                     </gmd:keyword>
                     <gmd:type>
                        <gmd:MD_KeywordTypeCode codeList="MD_KeywordTypeCode" codeListValue="discipline"/>
                     </gmd:type>
                  </gmd:MD_Keywords>
               </gmd:descriptiveKeywords>
               <gmd:descriptiveKeywords>
                  <gmd:MD_Keywords>
                     <gmd:keyword>
                        <gco:CharacterString>Weather</gco:CharacterString>
                     </gmd:keyword>
                     <gmd:type>
                        <gmd:MD_KeywordTypeCode codeList="MD_KeywordTypeCode" codeListValue="socialBenefitArea"/>
                     </gmd:type>
                  </gmd:MD_Keywords>
               </gmd:descriptiveKeywords>
               <gmd:descriptiveKeywords>
                  <gmd:MD_Keywords>
                     <gmd:keyword>
                        <gco:CharacterString>EUMETSAT Data Centre</gco:CharacterString>
                     </gmd:keyword>
                     <gmd:type>
                        <gmd:MD_KeywordTypeCode codeList="MD_KeywordTypeCode" codeListValue="place"/>
                     </gmd:type>
                  </gmd:MD_Keywords>
               </gmd:descriptiveKeywords>
               <gmd:resourceConstraints>
                  <gmd:MD_LegalConstraints>
                     <gmd:useConstraints>
                        <gmd:MD_RestrictionCode codeList="MD_RestrictionCode" codeListValue="copyright"/>
                     </gmd:useConstraints>
                  </gmd:MD_LegalConstraints>
               </gmd:resourceConstraints>
               <gmd:language>
				                  <gco:CharacterString>eng</gco:CharacterString>
			               </gmd:language>
		               
               
               
               
               
               
               
               
               
               <gmd:topicCategory>
                  <gmd:MD_TopicCategoryCode>climatologyMeteorologyAtmosphere</gmd:MD_TopicCategoryCode>
               </gmd:topicCategory>
               <gmd:extent>
                  <gmd:EX_Extent>
                     <gmd:geographicElement>
                        <gmd:EX_GeographicBoundingBox xsi:type="gmd:EX_GeographicBoundingBox_Type">
                           <gmd:westBoundLongitude>
                              <gco:Decimal>-180.0</gco:Decimal>
                           </gmd:westBoundLongitude>
                           <gmd:eastBoundLongitude>
                              <gco:Decimal>180.0</gco:Decimal>
                           </gmd:eastBoundLongitude>
                           <gmd:southBoundLatitude>
                              <gco:Decimal>-90.0</gco:Decimal>
                           </gmd:southBoundLatitude>
                           <gmd:northBoundLatitude>
                              <gco:Decimal>90.0</gco:Decimal>
                           </gmd:northBoundLatitude>
                        </gmd:EX_GeographicBoundingBox>
                     </gmd:geographicElement>
                  </gmd:EX_Extent>
               </gmd:extent>
               <gmd:extent>
                  <gmd:EX_Extent>
                     <gmd:geographicElement>
                        <gmd:EX_GeographicDescription>
                           <gmd:geographicIdentifier>
                              <gmd:MD_Identifier>
                                 <gmd:code>
                                    <gco:CharacterString>Global</gco:CharacterString>
                                 </gmd:code>
                              </gmd:MD_Identifier>
                           </gmd:geographicIdentifier>
                        </gmd:EX_GeographicDescription>
                     </gmd:geographicElement>
                  </gmd:EX_Extent>
               </gmd:extent>
            </gmd:MD_DataIdentification>
	         </gmd:identificationInfo>    
         <gmd:contentInfo>
            <gmi:MI_CoverageDescription xsi:type="gmi:MI_CoverageDescription_Type">
               <gmd:attributeDescription>
                  <gco:RecordType> </gco:RecordType>
               </gmd:attributeDescription>
               <gmd:contentType>
                  <gmd:MD_CoverageContentTypeCode codeList="MD_CoverageContentTypeCode" codeListValue="physicalMeasurement"/>
               </gmd:contentType>
               
               
               
               
                           
               
               
               
                           
               
               
               
                           
               
               
               
                           <gmd:dimension>
                  <gmi:MI_Band xsi:type="gmi:MI_Band_Type">
                     <gmd:descriptor>
                        <gco:CharacterString>TWT</gco:CharacterString>
                     </gmd:descriptor>
                     <gmi:nominalSpatialResolution>
                        <gco:Real>1.0</gco:Real>
                     </gmi:nominalSpatialResolution>
                  </gmi:MI_Band>
               </gmd:dimension>
               <gmd:dimension>
                  <gmi:MI_Band xsi:type="gmi:MI_Band_Type">
                     <gmd:descriptor>
                        <gco:CharacterString>CLP</gco:CharacterString>
                     </gmd:descriptor>
                     <gmi:nominalSpatialResolution>
                        <gco:Real>1.0</gco:Real>
                     </gmi:nominalSpatialResolution>
                  </gmi:MI_Band>
               </gmd:dimension>
               <gmd:dimension>
                  <gmi:MI_Band xsi:type="gmi:MI_Band_Type">
                     <gmd:descriptor>
                        <gco:CharacterString>OCO</gco:CharacterString>
                     </gmd:descriptor>
                     <gmi:nominalSpatialResolution>
                        <gco:Real>1.0</gco:Real>
                     </gmi:nominalSpatialResolution>
                  </gmi:MI_Band>
               </gmd:dimension>
               <gmd:dimension>
                  <gmi:MI_Band xsi:type="gmi:MI_Band_Type">
                     <gmd:descriptor>
                        <gco:CharacterString>TRG</gco:CharacterString>
                     </gmd:descriptor>
                     <gmi:nominalSpatialResolution>
                        <gco:Real>1.0</gco:Real>
                     </gmi:nominalSpatialResolution>
                  </gmi:MI_Band>
               </gmd:dimension>
            </gmi:MI_CoverageDescription>
         </gmd:contentInfo>
         <gmd:distributionInfo>
            <gmd:MD_Distribution>
               <gmd:distributor>
                  <eum:MD_EUMDistributor xsi:type="eum:MD_EUMDistributor_Type">
                     <gmd:distributorContact>
                        <gmd:CI_ResponsibleParty>
                           <gmd:individualName>
                              <gco:CharacterString>European Organisation for the Exploitation of Meteorological Satellites</gco:CharacterString>
                           </gmd:individualName>
                           <gmd:organisationName>
                              <gco:CharacterString>EUMETSAT</gco:CharacterString>
                           </gmd:organisationName>
                           <gmd:positionName>
                              <gco:CharacterString>-</gco:CharacterString>
                           </gmd:positionName>
                           <gmd:contactInfo>
                              <gmd:CI_Contact>
                                 <gmd:phone>
                                    <gmd:CI_Telephone>
                                       <gmd:voice>
                                          <gco:CharacterString>+49(0)6151-807 7</gco:CharacterString>
                                       </gmd:voice>
                                       <gmd:facsimile>
                                          <gco:CharacterString>+49(0)6151-807 555</gco:CharacterString>
                                       </gmd:facsimile>
                                    </gmd:CI_Telephone>
                                 </gmd:phone>
                                 <gmd:address>
                                    <gmd:CI_Address>
                                       <gmd:deliveryPoint>
                                          <gco:CharacterString>Am Kavalleriesand 31</gco:CharacterString>
                                       </gmd:deliveryPoint>
                                       <gmd:city>
                                          <gco:CharacterString>Darmstadt</gco:CharacterString>
                                       </gmd:city>
                                       <gmd:administrativeArea>
                                          <gco:CharacterString>Hessen</gco:CharacterString>
                                       </gmd:administrativeArea>
                                       <gmd:postalCode>
                                          <gco:CharacterString>D-64295</gco:CharacterString>
                                       </gmd:postalCode>
                                       <gmd:country>
                                          <gco:CharacterString>Germany</gco:CharacterString>
                                       </gmd:country>
                                       <gmd:electronicMailAddress>
                                          <gco:CharacterString>ops@eumetsat.int</gco:CharacterString>
                                       </gmd:electronicMailAddress>
                                    </gmd:CI_Address>
                                 </gmd:address>
                              </gmd:CI_Contact>
                           </gmd:contactInfo>
                           <gmd:role>
                              <gmd:CI_RoleCode codeList="CI_RoleCode" codeListValue="originator"/>
                           </gmd:role>
                        </gmd:CI_ResponsibleParty>
                     </gmd:distributorContact>
                     
                                       
                                       
                                       
                                       
                                       
                                       
                                       
                                       
                                       <eum:digitalTransfers>
                        <eum:MD_EUMDigitalTransfer>
                           <eum:availability>
                              <eum:MD_EUMDigitalTransferOptions>
                                 <gmd:onLine>
                                    <gmd:CI_OnlineResource>
                                       <gmd:linkage>
                                          <gmd:URL>http://archive.eumetsat.int/umarf/Jnlp?acronym=IASSND02</gmd:URL>
                                       </gmd:linkage>
                                       <gmd:protocol>
                                          <gco:CharacterString>http</gco:CharacterString>
                                       </gmd:protocol>
                                       <gmd:name>
                                          <gco:CharacterString>EUMETSAT Data Centre</gco:CharacterString>
                                       </gmd:name>
                                       <gmd:function>
                                          <gmd:CI_OnLineFunctionCode codeList="CI_OnLineFunctionCode" codeListValue="order"/>
                                       </gmd:function>
                                    </gmd:CI_OnlineResource>
                                 </gmd:onLine>
                                 <eum:availability>
                                    <gco:CharacterString>EUMETSAT Data Centre</gco:CharacterString>
                                 </eum:availability>
                                 <eum:aggregateIdentifier>
                                    <gco:CharacterString/>
                                 </eum:aggregateIdentifier>
                                 <eum:eumetcastChannels>
                                    <gco:CharacterString/>
                                 </eum:eumetcastChannels>
                              </eum:MD_EUMDigitalTransferOptions>
                           </eum:availability>
                           <eum:format>
                              <eum:MD_EUMFormat>
                                 <gmd:name>
                                    <gco:CharacterString>Native</gco:CharacterString>
                                 </gmd:name>
                                 <gmd:version>
                                    <gco:CharacterString/>
                                 </gmd:version>
                                 <eum:typicalFilename>
                                    <gco:CharacterString>IASI_SND_02_M02_20100119102659Z_20100119120859Z_N_O_20100119121421Z.nat</gco:CharacterString>
                                 </eum:typicalFilename>
                                 <eum:averageFileSizeUnits>
                                    <gco:CharacterString>MB</gco:CharacterString>
                                 </eum:averageFileSizeUnits>
                                 <eum:averageFileSize>
                                    <gco:Real>140.0</gco:Real>
                                 </eum:averageFileSize>
                                 <eum:frequency>
                                    <gco:CharacterString>15 (per day)</gco:CharacterString>
                                 </eum:frequency>
                              </eum:MD_EUMFormat>
                           </eum:format>
                           <eum:format>
                              <eum:MD_EUMFormat>
                                 <gmd:name>
                                    <gco:CharacterString>HDF5EPS</gco:CharacterString>
                                 </gmd:name>
                                 <gmd:version>
                                    <gco:CharacterString/>
                                 </gmd:version>
                                 <eum:averageFileSizeUnits>
                                    <gco:CharacterString>MB</gco:CharacterString>
                                 </eum:averageFileSizeUnits>
                                 <eum:averageFileSize>
                                    <gco:Real>70.0</gco:Real>
                                 </eum:averageFileSize>
                                 <eum:frequency>
                                    <gco:CharacterString>15 (per day)</gco:CharacterString>
                                 </eum:frequency>
                                 <eum:fileFormatDescription>
                                    <gco:CharacterString>IASI_SND_02_M02_20100119102659Z_20100119120859Z_N_O_20100119121421Z.h5</gco:CharacterString>
                                 </eum:fileFormatDescription>
                              </eum:MD_EUMFormat>
                           </eum:format>
                           <eum:format>
                              <eum:MD_EUMFormat>
                                 <gmd:name>
                                    <gco:CharacterString>BUFR</gco:CharacterString>
                                 </gmd:name>
                                 <gmd:version>
                                    <gco:CharacterString/>
                                 </gmd:version>
                                 <eum:averageFileSizeUnits>
                                    <gco:CharacterString>MB</gco:CharacterString>
                                 </eum:averageFileSizeUnits>
                                 <eum:averageFileSize>
                                    <gco:Real>140.0</gco:Real>
                                 </eum:averageFileSize>
                                 <eum:frequency>
                                    <gco:CharacterString>15 (per day)</gco:CharacterString>
                                 </eum:frequency>
                              </eum:MD_EUMFormat>
                           </eum:format>
                        </eum:MD_EUMDigitalTransfer>
                     </eum:digitalTransfers>
                  </eum:MD_EUMDistributor>
               </gmd:distributor>
            </gmd:MD_Distribution>
         </gmd:distributionInfo>
         <gmi:acquisitionInformation>
            <gmi:MI_AcquisitionInformation>
               <gmi:platform>
                  <eum:MI_EUMPlatform>
                     <gmi:identifier>
                        <gmd:MD_Identifier>
                           <gmd:code>
                              <gco:CharacterString>Metop</gco:CharacterString>
                           </gmd:code>
                        </gmd:MD_Identifier>
                     </gmi:identifier>
                     <gmi:description>
                        <gco:CharacterString/>
                     </gmi:description>
                     
                     
                     
                     
                     
                     
                     
                     
                     
                     <gmi:instrument>
                        <gmi:MI_Instrument>
                           <gmi:citation>
                              <gmd:CI_Citation>
                                 <gmd:title/>
                                 <gmd:date/>
                                 <gmd:identifier>
                                    <gmd:MD_Identifier>
                                       <gmd:code>
                                          <gco:CharacterString>IASI</gco:CharacterString>
                                       </gmd:code>
                                    </gmd:MD_Identifier>
                                 </gmd:identifier>
                              </gmd:CI_Citation>
                           </gmi:citation>
                           <gmi:type>
                              <gmi:MI_SensorTypeCode id="Interferometer"/>
                           </gmi:type>
                        </gmi:MI_Instrument>
                     </gmi:instrument>
                     <eum:orbitType>
                        <eum:CI_OrbitTypeCode codeList="CI_OrbitTypeCode" codeListValue="LEO"/>
                     </eum:orbitType>
                  </eum:MI_EUMPlatform>
               </gmi:platform>
            </gmi:MI_AcquisitionInformation>
         </gmi:acquisitionInformation>
      </gmi:MI_Metadata>