<?xml version="1.0" encoding="UTF-8"?><gmd:MD_Metadata xmlns:gmd="http://www.isotc211.org/2005/gmd" xmlns:xsi="http://www.w3.org/2001/XMLSchema-instance" xmlns:gml="http://www.opengis.net/gml" xmlns:gmi="http://www.isotc211.org/2005/gmi" xmlns:gco="http://www.isotc211.org/2005/gco" xmlns="http://www.isotc211.org/2005/gmd" xsi:schemaLocation="http://www.isotc211.org/2005/gmd http://schemas.opengis.net/iso/19139/20060504/gmd/gmd.xsd"><gmd:fileIdentifier><gco:CharacterString>EO_EUM_DAT_MULT_AL</gco:CharacterString></gmd:fileIdentifier><gmd:language><gco:CharacterString>eng</gco:CharacterString></gmd:language><gmd:hierarchyLevel><gmd:MD_ScopeCode codeList="./resources/codeList.xml#MD_ScopeCode" codeListValue="series"/></gmd:hierarchyLevel><gmd:hierarchyLevelName><gco:CharacterString>sat.MSG1</gco:CharacterString></gmd:hierarchyLevelName><gmd:hierarchyLevelName><gco:CharacterString>sat.MSG2</gco:CharacterString></gmd:hierarchyLevelName><gmd:hierarchyLevelName><gco:CharacterString>sat.M02</gco:CharacterString></gmd:hierarchyLevelName><gmd:hierarchyLevelName><gco:CharacterString>sat.M02.SEVIRI</gco:CharacterString></gmd:hierarchyLevelName><gmd:hierarchyLevelName><gco:CharacterString>theme.par.Radiation</gco:CharacterString></gmd:hierarchyLevelName><gmd:hierarchyLevelName><gco:CharacterString>theme.par.Land</gco:CharacterString></gmd:hierarchyLevelName><gmd:hierarchyLevelName><gco:CharacterString>theme.par.GEONETCast</gco:CharacterString></gmd:hierarchyLevelName><gmd:hierarchyLevelName><gco:CharacterString>SBA.Energy</gco:CharacterString></gmd:hierarchyLevelName><gmd:hierarchyLevelName><gco:CharacterString>SBA.Agriculture</gco:CharacterString></gmd:hierarchyLevelName><gmd:hierarchyLevelName><gco:CharacterString>dis.SAFArchive&amp;FTP</gco:CharacterString></gmd:hierarchyLevelName><gmd:hierarchyLevelName><gco:CharacterString>dis.EUMETCast-Europe</gco:CharacterString></gmd:hierarchyLevelName><gmd:hierarchyLevelName><gco:CharacterString>dis.EUMETCast-Africa</gco:CharacterString></gmd:hierarchyLevelName><gmd:hierarchyLevelName><gco:CharacterString>dis.EUMETCast-Americas</gco:CharacterString></gmd:hierarchyLevelName><gmd:contact><gmd:CI_ResponsibleParty><gmd:organisationName><gco:CharacterString>LSA SAF</gco:CharacterString></gmd:organisationName><gmd:contactInfo><gmd:CI_Contact><gmd:address><gmd:CI_Address><gmd:deliveryPoint><gco:CharacterString>Rua C ao Aeroporto</gco:CharacterString></gmd:deliveryPoint><gmd:city><gco:CharacterString>Lisboa</gco:CharacterString></gmd:city><gmd:administrativeArea><gco:CharacterString>Instituto de Meteorologia</gco:CharacterString></gmd:administrativeArea><gmd:postalCode><gco:CharacterString>1749-077</gco:CharacterString></gmd:postalCode><gmd:country><gco:CharacterString>Portugal</gco:CharacterString></gmd:country><gmd:electronicMailAddress><gco:CharacterString>helpdesk.landsaf@meteo.pt</gco:CharacterString></gmd:electronicMailAddress></gmd:CI_Address></gmd:address><gmd:onlineResource><gmd:CI_OnlineResource><gmd:linkage><gmd:URL>http://landsaf.meteo.pt</gmd:URL></gmd:linkage><gmd:protocol><gco:CharacterString>http</gco:CharacterString></gmd:protocol></gmd:CI_OnlineResource></gmd:onlineResource></gmd:CI_Contact></gmd:contactInfo><gmd:role><gmd:CI_RoleCode codeList="./resources/codeList.xml#CI_RoleCode" codeListValue="owner"/></gmd:role></gmd:CI_ResponsibleParty></gmd:contact><gmd:dateStamp><gco:Date>2009-08-31</gco:Date></gmd:dateStamp><gmd:metadataStandardName><gco:CharacterString>ISO19115</gco:CharacterString></gmd:metadataStandardName><gmd:metadataStandardVersion><gco:CharacterString>2003/Cor.1:2006</gco:CharacterString></gmd:metadataStandardVersion><gmd:identificationInfo><gmd:MD_DataIdentification><gmd:citation><gmd:CI_Citation><gmd:title><gco:CharacterString>Surface Albedo - MSG</gco:CharacterString></gmd:title><gmd:alternateTitle><gco:CharacterString>AL</gco:CharacterString></gmd:alternateTitle><gmd:alternateTitle><gco:CharacterString>LSAAL</gco:CharacterString></gmd:alternateTitle><gmd:date><gmd:CI_Date><gmd:date><gco:Date>2009-03-23</gco:Date></gmd:date><gmd:dateType><gmd:CI_DateTypeCode codeList="./resources/codeList.xml#CI_DateTypeCode" codeListValue="creation"/></gmd:dateType></gmd:CI_Date></gmd:date><gmd:date><gmd:CI_Date><gmd:date><gco:Date>2009-03-23</gco:Date></gmd:date><gmd:dateType><gmd:CI_DateTypeCode codeList="./resources/codeList.xml#CI_DateTypeCode" codeListValue="revision"/></gmd:dateType></gmd:CI_Date></gmd:date><gmd:date><gmd:CI_Date><gmd:date><gco:Date>2009-04-23</gco:Date></gmd:date><gmd:dateType><gmd:CI_DateTypeCode codeList="./resources/codeList.xml#CI_DateTypeCode" codeListValue="publication"/></gmd:dateType></gmd:CI_Date></gmd:date><gmd:identifier><gmd:MD_Identifier><gmd:code><gco:CharacterString>EO:EUM:DAT:MULT:AL</gco:CharacterString></gmd:code></gmd:MD_Identifier></gmd:identifier><gmd:citedResponsibleParty><gmd:CI_ResponsibleParty><gmd:contactInfo><gmd:CI_Contact><gmd:onlineResource><gmd:CI_OnlineResource><gmd:linkage><gmd:URL>http://www.eumetsat.int/Home/Main/What_We_Do/SAFs/Projects/SP_1124291903709?l=en</gmd:URL></gmd:linkage><gmd:name><gco:CharacterString>EUMETSAT_LSA_SAF_page</gco:CharacterString></gmd:name><gmd:function><gmd:CI_OnLineFunctionCode codeList="CI_OnLineFunctionCode" codeListValue="information"/></gmd:function></gmd:CI_OnlineResource></gmd:onlineResource></gmd:CI_Contact></gmd:contactInfo><gmd:role><gmd:CI_RoleCode codeList="CI_RoleCode" codeListValue="author"/></gmd:role></gmd:CI_ResponsibleParty></gmd:citedResponsibleParty><gmd:citedResponsibleParty><gmd:CI_ResponsibleParty><gmd:contactInfo><gmd:CI_Contact><gmd:onlineResource><gmd:CI_OnlineResource><gmd:linkage><gmd:URL>http://landsaf.meteo.pt/</gmd:URL></gmd:linkage><gmd:name><gco:CharacterString>LSA_SAF</gco:CharacterString></gmd:name><gmd:function><gmd:CI_OnLineFunctionCode codeList="CI_OnLineFunctionCode" codeListValue="information"/></gmd:function></gmd:CI_OnlineResource></gmd:onlineResource></gmd:CI_Contact></gmd:contactInfo><gmd:role><gmd:CI_RoleCode codeList="CI_RoleCode" codeListValue="author"/></gmd:role></gmd:CI_ResponsibleParty></gmd:citedResponsibleParty><gmd:citedResponsibleParty><gmd:CI_ResponsibleParty><gmd:contactInfo><gmd:CI_Contact><gmd:onlineResource><gmd:CI_OnlineResource><gmd:linkage><gmd:URL>http://landsaf.meteo.pt/algorithms.jsp?seltab=3</gmd:URL></gmd:linkage><gmd:name><gco:CharacterString>Surface_Albedo_Product_Description</gco:CharacterString></gmd:name><gmd:function><gmd:CI_OnLineFunctionCode codeList="CI_OnLineFunctionCode" codeListValue="information"/></gmd:function></gmd:CI_OnlineResource></gmd:onlineResource></gmd:CI_Contact></gmd:contactInfo><gmd:role><gmd:CI_RoleCode codeList="CI_RoleCode" codeListValue="author"/></gmd:role></gmd:CI_ResponsibleParty></gmd:citedResponsibleParty></gmd:CI_Citation></gmd:citation><gmd:abstract><gco:CharacterString>Land surface albedo is a key variable for characterising the energy balance in the coupled soil-vegetation-atmosphere system. The albedo quantifies the part of the energy that is absorbed and transformed into heat and latent fluxes. Owing to strong feedback effects the knowledge of albedo is important for determining weather conditions at the atmospheric boundary layer. Climate sensitivity studies with Global Circulation Models have confirmed the unsteady nature of the energy balance with respect to small changes in surface albedo. Other domains of applications are in hydro-meteorology, agro-meteorology and environment-related studies.</gco:CharacterString></gmd:abstract><gmd:status><gmd:MD_ProgressCode codeList="./resources/codeList.xml#CI_OrbitTypeCode" codeListValue="Pre-operational"/></gmd:status><gmd:pointOfContact><gmd:CI_ResponsibleParty><gmd:individualName><gco:CharacterString>SAF on Land Surface Analysis</gco:CharacterString></gmd:individualName><gmd:organisationName><gco:CharacterString>LSA SAF</gco:CharacterString></gmd:organisationName><gmd:contactInfo><gmd:CI_Contact><gmd:address><gmd:CI_Address><gmd:deliveryPoint><gco:CharacterString>Rua C ao Aeroporto</gco:CharacterString></gmd:deliveryPoint><gmd:city><gco:CharacterString>Lisboa</gco:CharacterString></gmd:city><gmd:administrativeArea><gco:CharacterString>Instituto de Meteorologia</gco:CharacterString></gmd:administrativeArea><gmd:postalCode><gco:CharacterString>1749-077</gco:CharacterString></gmd:postalCode><gmd:country><gco:CharacterString>Portugal</gco:CharacterString></gmd:country><gmd:electronicMailAddress><gco:CharacterString>helpdesk.landsaf@meteo.pt</gco:CharacterString></gmd:electronicMailAddress></gmd:CI_Address></gmd:address><gmd:onlineResource><gmd:CI_OnlineResource><gmd:linkage><gmd:URL>http://landsaf.meteo.pt</gmd:URL></gmd:linkage><gmd:protocol><gco:CharacterString>http</gco:CharacterString></gmd:protocol></gmd:CI_OnlineResource></gmd:onlineResource></gmd:CI_Contact></gmd:contactInfo><gmd:role><gmd:CI_RoleCode codeList="./resources/codeList.xml#CI_RoleCode" codeListValue="originator"/></gmd:role></gmd:CI_ResponsibleParty></gmd:pointOfContact><gmd:descriptiveKeywords><gmd:MD_Keywords><gmd:keyword><gco:CharacterString>Energy</gco:CharacterString></gmd:keyword><gmd:keyword><gco:CharacterString>Agriculture</gco:CharacterString></gmd:keyword><gmd:type><gmd:MD_KeywordTypeCode codeList="http://metadata.dgiwg.org/codelistRegistry?MD_KeywordTypeCode" codeListValue="socialBenefitArea"/></gmd:type></gmd:MD_Keywords></gmd:descriptiveKeywords><gmd:descriptiveKeywords><gmd:MD_Keywords><gmd:keyword><gco:CharacterString>Land</gco:CharacterString></gmd:keyword><gmd:type><gmd:MD_KeywordTypeCode codeList="http://metadata.dgiwg.org/codelistRegistry?MD_KeywordTypeCode" codeListValue="theme"/></gmd:type></gmd:MD_Keywords></gmd:descriptiveKeywords><gmd:descriptiveKeywords><gmd:MD_Keywords><gmd:keyword><gco:CharacterString>Land</gco:CharacterString></gmd:keyword><gmd:type><gmd:MD_KeywordTypeCode codeList="http://metadata.dgiwg.org/codelistRegistry?MD_KeywordTypeCode" codeListValue="discipline"/></gmd:type></gmd:MD_Keywords></gmd:descriptiveKeywords><gmd:resourceConstraints><gmd:MD_LegalConstraints><gmd:useConstraints><gmd:MD_RestrictionCode codeList="http://metadata.dgiwg.org/codelistRegistry?MD_RestrictionCode" codeListValue="copyright"/></gmd:useConstraints></gmd:MD_LegalConstraints></gmd:resourceConstraints><gmd:spatialRepresentationType><gmd:MD_SpatialRepresentationTypeCode codeList="MD_SpatialRepresentationTypeCode" codeListValue="grid"/></gmd:spatialRepresentationType><gmd:language><gco:CharacterString>eng</gco:CharacterString></gmd:language><gmd:characterSet><gmd:MD_CharacterSetCode codeList="/resources/codeList.xml#CI_CharacterSetCode" codeListValue="utf8"/></gmd:characterSet><gmd:topicCategory><gmd:MD_TopicCategoryCode>climatologyMeteorologyAtmosphere</gmd:MD_TopicCategoryCode></gmd:topicCategory><gmd:extent><gmd:EX_Extent><gmd:geographicElement><gmd:EX_GeographicDescription><gmd:geographicIdentifier><gmd:MD_Identifier><gmd:code><gco:CharacterString>Europe, North Africa, South Africa, South America</gco:CharacterString></gmd:code></gmd:MD_Identifier></gmd:geographicIdentifier></gmd:EX_GeographicDescription></gmd:geographicElement></gmd:EX_Extent></gmd:extent><gmd:extent><gmd:EX_Extent><gmd:geographicElement><gmd:EX_GeographicBoundingBox><gmd:westBoundLongitude><gco:Decimal>-90.0</gco:Decimal></gmd:westBoundLongitude><gmd:eastBoundLongitude><gco:Decimal>90.0</gco:Decimal></gmd:eastBoundLongitude><gmd:southBoundLatitude><gco:Decimal>-40.0</gco:Decimal></gmd:southBoundLatitude><gmd:northBoundLatitude><gco:Decimal>90.0</gco:Decimal></gmd:northBoundLatitude></gmd:EX_GeographicBoundingBox></gmd:geographicElement></gmd:EX_Extent></gmd:extent><gmd:extent><gmd:EX_Extent><gmd:temporalElement><gmd:EX_TemporalExtent><gmd:extent><gml:TimePeriod gml:id="ID0006"><gml:beginPosition>2006-03-01</gml:beginPosition><gml:endPosition/></gml:TimePeriod></gmd:extent></gmd:EX_TemporalExtent></gmd:temporalElement></gmd:EX_Extent></gmd:extent></gmd:MD_DataIdentification></gmd:identificationInfo></gmd:MD_Metadata>