<?xml version="1.0" encoding="UTF-8"?><gmd:MD_Metadata xmlns:gmd="http://www.isotc211.org/2005/gmd" xmlns:xsi="http://www.w3.org/2001/XMLSchema-instance" xmlns:gml="http://www.opengis.net/gml" xmlns:gmi="http://www.isotc211.org/2005/gmi" xmlns:gco="http://www.isotc211.org/2005/gco" xmlns="http://www.isotc211.org/2005/gmd" xsi:schemaLocation="http://www.isotc211.org/2005/gmd http://schemas.opengis.net/iso/19139/20060504/gmd/gmd.xsd"><gmd:fileIdentifier><gco:CharacterString>EO_EUM_DAT_METOP_IASIL2CLP</gco:CharacterString></gmd:fileIdentifier><gmd:language><gco:CharacterString>eng</gco:CharacterString></gmd:language><gmd:hierarchyLevel><gmd:MD_ScopeCode codeList="./resources/codeList.xml#MD_ScopeCode" codeListValue="series"/></gmd:hierarchyLevel><gmd:hierarchyLevelName><gco:CharacterString>sat.M02</gco:CharacterString></gmd:hierarchyLevelName><gmd:hierarchyLevelName><gco:CharacterString>sat.M02.IASI</gco:CharacterString></gmd:hierarchyLevelName><gmd:hierarchyLevelName><gco:CharacterString>theme.par.Cloud</gco:CharacterString></gmd:hierarchyLevelName><gmd:hierarchyLevelName><gco:CharacterString>theme.par.theme.par.Atmosphere</gco:CharacterString></gmd:hierarchyLevelName><gmd:hierarchyLevelName><gco:CharacterString>theme.par.GEONETCast</gco:CharacterString></gmd:hierarchyLevelName><gmd:hierarchyLevelName><gco:CharacterString>SBA.Weather</gco:CharacterString></gmd:hierarchyLevelName><gmd:hierarchyLevelName><gco:CharacterString>dis.EUMETCast-Europe</gco:CharacterString></gmd:hierarchyLevelName><gmd:contact><gmd:CI_ResponsibleParty><gmd:organisationName><gco:CharacterString>EUMETSAT</gco:CharacterString></gmd:organisationName><gmd:contactInfo><gmd:CI_Contact><gmd:address><gmd:CI_Address><gmd:deliveryPoint><gco:CharacterString>EUMETSAT Allee 1</gco:CharacterString></gmd:deliveryPoint><gmd:city><gco:CharacterString>Darmstadt</gco:CharacterString></gmd:city><gmd:administrativeArea><gco:CharacterString>Hessen</gco:CharacterString></gmd:administrativeArea><gmd:postalCode><gco:CharacterString>64295</gco:CharacterString></gmd:postalCode><gmd:country><gco:CharacterString>Germany</gco:CharacterString></gmd:country><gmd:electronicMailAddress><gco:CharacterString>ops@eumetsat.int</gco:CharacterString></gmd:electronicMailAddress></gmd:CI_Address></gmd:address><gmd:onlineResource><gmd:CI_OnlineResource><gmd:linkage><gmd:URL>http://www.eumetsat.int</gmd:URL></gmd:linkage><gmd:protocol><gco:CharacterString>http</gco:CharacterString></gmd:protocol></gmd:CI_OnlineResource></gmd:onlineResource></gmd:CI_Contact></gmd:contactInfo><gmd:role><gmd:CI_RoleCode codeList="./resources/codeList.xml#CI_RoleCode" codeListValue="owner"/></gmd:role></gmd:CI_ResponsibleParty></gmd:contact><gmd:dateStamp><gco:Date>2009-08-31</gco:Date></gmd:dateStamp><gmd:metadataStandardName><gco:CharacterString>ISO19115</gco:CharacterString></gmd:metadataStandardName><gmd:metadataStandardVersion><gco:CharacterString>2003/Cor.1:2006</gco:CharacterString></gmd:metadataStandardVersion><gmd:identificationInfo><gmd:MD_DataIdentification><gmd:citation><gmd:CI_Citation><gmd:title><gco:CharacterString>IASI Cloud Parameters - Metop</gco:CharacterString></gmd:title><gmd:alternateTitle><gco:CharacterString>IASIL2CLP</gco:CharacterString></gmd:alternateTitle><gmd:alternateTitle><gco:CharacterString>IASSND02</gco:CharacterString></gmd:alternateTitle><gmd:date><gmd:CI_Date><gmd:date><gco:Date>2009-03-23</gco:Date></gmd:date><gmd:dateType><gmd:CI_DateTypeCode codeList="./resources/codeList.xml#CI_DateTypeCode" codeListValue="creation"/></gmd:dateType></gmd:CI_Date></gmd:date><gmd:date><gmd:CI_Date><gmd:date><gco:Date>2009-03-23</gco:Date></gmd:date><gmd:dateType><gmd:CI_DateTypeCode codeList="./resources/codeList.xml#CI_DateTypeCode" codeListValue="revision"/></gmd:dateType></gmd:CI_Date></gmd:date><gmd:date><gmd:CI_Date><gmd:date><gco:Date>2009-04-23</gco:Date></gmd:date><gmd:dateType><gmd:CI_DateTypeCode codeList="./resources/codeList.xml#CI_DateTypeCode" codeListValue="publication"/></gmd:dateType></gmd:CI_Date></gmd:date><gmd:identifier><gmd:MD_Identifier><gmd:code><gco:CharacterString>EO:EUM:DAT:METOP:IASIL2CLP</gco:CharacterString></gmd:code></gmd:MD_Identifier></gmd:identifier><gmd:citedResponsibleParty><gmd:CI_ResponsibleParty><gmd:contactInfo><gmd:CI_Contact><gmd:onlineResource><gmd:CI_OnlineResource><gmd:linkage><gmd:URL>http://www.eumetsat.int/Home/Main/Documentation/Technical_and_Scientific_Documentation/EPS_Product_Guides/index.htm?l=en</gmd:URL></gmd:linkage><gmd:name><gco:CharacterString>EPS_Product_Guides</gco:CharacterString></gmd:name><gmd:function><gmd:CI_OnLineFunctionCode codeList="CI_OnLineFunctionCode" codeListValue="information"/></gmd:function></gmd:CI_OnlineResource></gmd:onlineResource></gmd:CI_Contact></gmd:contactInfo><gmd:role><gmd:CI_RoleCode codeList="CI_RoleCode" codeListValue="author"/></gmd:role></gmd:CI_ResponsibleParty></gmd:citedResponsibleParty></gmd:CI_Citation></gmd:citation><gmd:abstract><gco:CharacterString>The main objective of the Infrared Atmospheric Sounding Interferometer (IASI) is to provide high resolution atmospheric emission spectra to derive temperature and humidity profiles with high spectral and vertical resolution and accuracy. Additionally it is used for the determination of trace gases, as well as land and sea surface temperature, emissivity and cloud properties. The Cloud Parameters (CLP) product contains fractional cloud cover, cloud top pressure and temperature and cloud phase, retrieved from the IASI sounder measurements. The spatial sampling is ca. 25 km at nadir. This product is available via the Data Centre as the IASI Combined Sounding Products: EO:EUM:DAT:METOP:IASSND02</gco:CharacterString></gmd:abstract><gmd:status><gmd:MD_ProgressCode codeList="./resources/codeList.xml#CI_OrbitTypeCode" codeListValue="Operational"/></gmd:status><gmd:pointOfContact><gmd:CI_ResponsibleParty><gmd:individualName><gco:CharacterString>European Organisation for the Exploitation of Meteorological Satellites</gco:CharacterString></gmd:individualName><gmd:organisationName><gco:CharacterString>EUMETSAT</gco:CharacterString></gmd:organisationName><gmd:contactInfo><gmd:CI_Contact><gmd:phone><gmd:CI_Telephone><gmd:voice><gco:CharacterString>+49(0)6151-807 366/377</gco:CharacterString></gmd:voice><gmd:facsimile><gco:CharacterString>+49(0)6151-807 379</gco:CharacterString></gmd:facsimile></gmd:CI_Telephone></gmd:phone><gmd:address><gmd:CI_Address><gmd:deliveryPoint><gco:CharacterString>EUMETSAT Allee 1</gco:CharacterString></gmd:deliveryPoint><gmd:city><gco:CharacterString>Darmstadt</gco:CharacterString></gmd:city><gmd:administrativeArea><gco:CharacterString>Hessen</gco:CharacterString></gmd:administrativeArea><gmd:postalCode><gco:CharacterString>64295</gco:CharacterString></gmd:postalCode><gmd:country><gco:CharacterString>Germany</gco:CharacterString></gmd:country><gmd:electronicMailAddress><gco:CharacterString>ops@eumetsat.int</gco:CharacterString></gmd:electronicMailAddress></gmd:CI_Address></gmd:address><gmd:onlineResource><gmd:CI_OnlineResource><gmd:linkage><gmd:URL>http://www.eumetsat.int</gmd:URL></gmd:linkage><gmd:protocol><gco:CharacterString>http</gco:CharacterString></gmd:protocol></gmd:CI_OnlineResource></gmd:onlineResource></gmd:CI_Contact></gmd:contactInfo><gmd:role><gmd:CI_RoleCode codeList="./resources/codeList.xml#CI_RoleCode" codeListValue="originator"/></gmd:role></gmd:CI_ResponsibleParty></gmd:pointOfContact><gmd:descriptiveKeywords><gmd:MD_Keywords><gmd:keyword><gco:CharacterString>Weather</gco:CharacterString></gmd:keyword><gmd:type><gmd:MD_KeywordTypeCode codeList="http://metadata.dgiwg.org/codelistRegistry?MD_KeywordTypeCode" codeListValue="socialBenefitArea"/></gmd:type></gmd:MD_Keywords></gmd:descriptiveKeywords><gmd:descriptiveKeywords><gmd:MD_Keywords><gmd:keyword><gco:CharacterString>Atmosphere</gco:CharacterString></gmd:keyword><gmd:type><gmd:MD_KeywordTypeCode codeList="http://metadata.dgiwg.org/codelistRegistry?MD_KeywordTypeCode" codeListValue="theme"/></gmd:type></gmd:MD_Keywords></gmd:descriptiveKeywords><gmd:descriptiveKeywords><gmd:MD_Keywords><gmd:keyword><gco:CharacterString>Atmosphere</gco:CharacterString></gmd:keyword><gmd:type><gmd:MD_KeywordTypeCode codeList="http://metadata.dgiwg.org/codelistRegistry?MD_KeywordTypeCode" codeListValue="discipline"/></gmd:type></gmd:MD_Keywords></gmd:descriptiveKeywords><gmd:descriptiveKeywords><gmd:MD_Keywords><gmd:keyword><gco:CharacterString>Full Global</gco:CharacterString></gmd:keyword><gmd:type><gmd:MD_KeywordTypeCode codeList="http://metadata.dgiwg.org/codelistRegistry?MD_KeywordTypeCode" codeListValue="place"/></gmd:type></gmd:MD_Keywords></gmd:descriptiveKeywords><gmd:resourceConstraints><gmd:MD_LegalConstraints><gmd:useConstraints><gmd:MD_RestrictionCode codeList="http://metadata.dgiwg.org/codelistRegistry?MD_RestrictionCode" codeListValue="copyright"/></gmd:useConstraints></gmd:MD_LegalConstraints></gmd:resourceConstraints><gmd:spatialRepresentationType><gmd:MD_SpatialRepresentationTypeCode codeList="MD_SpatialRepresentationTypeCode" codeListValue="grid"/></gmd:spatialRepresentationType><gmd:language><gco:CharacterString>eng</gco:CharacterString></gmd:language><gmd:characterSet><gmd:MD_CharacterSetCode codeList="/resources/codeList.xml#CI_CharacterSetCode" codeListValue="utf8"/></gmd:characterSet><gmd:topicCategory><gmd:MD_TopicCategoryCode>climatologyMeteorologyAtmosphere</gmd:MD_TopicCategoryCode></gmd:topicCategory><gmd:extent><gmd:EX_Extent><gmd:geographicElement><gmd:EX_GeographicDescription><gmd:geographicIdentifier><gmd:MD_Identifier><gmd:code><gco:CharacterString>Full Global</gco:CharacterString></gmd:code></gmd:MD_Identifier></gmd:geographicIdentifier></gmd:EX_GeographicDescription></gmd:geographicElement></gmd:EX_Extent></gmd:extent><gmd:extent><gmd:EX_Extent><gmd:geographicElement><gmd:EX_GeographicBoundingBox><gmd:westBoundLongitude><gco:Decimal>-180.0</gco:Decimal></gmd:westBoundLongitude><gmd:eastBoundLongitude><gco:Decimal>180.0</gco:Decimal></gmd:eastBoundLongitude><gmd:southBoundLatitude><gco:Decimal>-90.0</gco:Decimal></gmd:southBoundLatitude><gmd:northBoundLatitude><gco:Decimal>90.0</gco:Decimal></gmd:northBoundLatitude></gmd:EX_GeographicBoundingBox></gmd:geographicElement></gmd:EX_Extent></gmd:extent></gmd:MD_DataIdentification></gmd:identificationInfo></gmd:MD_Metadata>