<?xml version="1.0" encoding="UTF-8"?><gmd:MD_Metadata xmlns:gmd="http://www.isotc211.org/2005/gmd" xmlns:xsi="http://www.w3.org/2001/XMLSchema-instance" xmlns:gml="http://www.opengis.net/gml" xmlns:gmi="http://www.isotc211.org/2005/gmi" xmlns:gco="http://www.isotc211.org/2005/gco" xmlns="http://www.isotc211.org/2005/gmd" xsi:schemaLocation="http://www.isotc211.org/2005/gmd http://schemas.opengis.net/iso/19139/20060504/gmd/gmd.xsd"><gmd:fileIdentifier><gco:CharacterString>EO_EUM_SW_MSG_025</gco:CharacterString></gmd:fileIdentifier><gmd:language><gco:CharacterString>eng</gco:CharacterString></gmd:language><gmd:hierarchyLevel><gmd:MD_ScopeCode codeList="./resources/codeList.xml#MD_ScopeCode" codeListValue="software"/></gmd:hierarchyLevel><gmd:hierarchyLevelName><gco:CharacterString>sat.MSG1</gco:CharacterString></gmd:hierarchyLevelName><gmd:hierarchyLevelName><gco:CharacterString>sat.MSG2</gco:CharacterString></gmd:hierarchyLevelName><gmd:hierarchyLevelName><gco:CharacterString>theme.par.Software</gco:CharacterString></gmd:hierarchyLevelName><gmd:hierarchyLevelName><gco:CharacterString>theme.par.Humidity</gco:CharacterString></gmd:hierarchyLevelName><gmd:hierarchyLevelName><gco:CharacterString>SBA.Weather</gco:CharacterString></gmd:hierarchyLevelName><gmd:hierarchyLevelName><gco:CharacterString>SBA.Climate</gco:CharacterString></gmd:hierarchyLevelName><gmd:hierarchyLevelName><gco:CharacterString>dis.SAFSoftware</gco:CharacterString></gmd:hierarchyLevelName><gmd:contact><gmd:CI_ResponsibleParty><gmd:organisationName><gco:CharacterString>NWC SAF</gco:CharacterString></gmd:organisationName><gmd:contactInfo><gmd:CI_Contact><gmd:address><gmd:CI_Address><gmd:deliveryPoint><gco:CharacterString>Apartado 285</gco:CharacterString></gmd:deliveryPoint><gmd:city><gco:CharacterString>Madrid</gco:CharacterString></gmd:city><gmd:administrativeArea><gco:CharacterString>Agencia Estatal de Meteorologia</gco:CharacterString></gmd:administrativeArea><gmd:postalCode><gco:CharacterString>28080</gco:CharacterString></gmd:postalCode><gmd:country><gco:CharacterString>Spain</gco:CharacterString></gmd:country><gmd:electronicMailAddress><gco:CharacterString>safnwchd@inm.es</gco:CharacterString></gmd:electronicMailAddress></gmd:CI_Address></gmd:address><gmd:onlineResource><gmd:CI_OnlineResource><gmd:linkage><gmd:URL>http://www.nwcsaf.org</gmd:URL></gmd:linkage><gmd:protocol><gco:CharacterString>http</gco:CharacterString></gmd:protocol></gmd:CI_OnlineResource></gmd:onlineResource></gmd:CI_Contact></gmd:contactInfo><gmd:role><gmd:CI_RoleCode codeList="./resources/codeList.xml#CI_RoleCode" codeListValue="owner"/></gmd:role></gmd:CI_ResponsibleParty></gmd:contact><gmd:dateStamp><gco:Date>2009-08-31</gco:Date></gmd:dateStamp><gmd:metadataStandardName><gco:CharacterString>ISO19115</gco:CharacterString></gmd:metadataStandardName><gmd:metadataStandardVersion><gco:CharacterString>2003/Cor.1:2006</gco:CharacterString></gmd:metadataStandardVersion><gmd:identificationInfo><gmd:MD_DataIdentification><gmd:citation><gmd:CI_Citation><gmd:title><gco:CharacterString>PGE05: Convective Rainfall Rate - MSG</gco:CharacterString></gmd:title><gmd:alternateTitle><gco:CharacterString>MSG-CRR</gco:CharacterString></gmd:alternateTitle><gmd:date><gmd:CI_Date><gmd:date><gco:Date>2009-03-23</gco:Date></gmd:date><gmd:dateType><gmd:CI_DateTypeCode codeList="./resources/codeList.xml#CI_DateTypeCode" codeListValue="creation"/></gmd:dateType></gmd:CI_Date></gmd:date><gmd:date><gmd:CI_Date><gmd:date><gco:Date>2009-03-23</gco:Date></gmd:date><gmd:dateType><gmd:CI_DateTypeCode codeList="./resources/codeList.xml#CI_DateTypeCode" codeListValue="revision"/></gmd:dateType></gmd:CI_Date></gmd:date><gmd:date><gmd:CI_Date><gmd:date><gco:Date>2009-04-23</gco:Date></gmd:date><gmd:dateType><gmd:CI_DateTypeCode codeList="./resources/codeList.xml#CI_DateTypeCode" codeListValue="publication"/></gmd:dateType></gmd:CI_Date></gmd:date><gmd:identifier><gmd:MD_Identifier><gmd:code><gco:CharacterString>EO:EUM:SW:MSG:025</gco:CharacterString></gmd:code></gmd:MD_Identifier></gmd:identifier><gmd:citedResponsibleParty><gmd:CI_ResponsibleParty><gmd:contactInfo><gmd:CI_Contact><gmd:onlineResource><gmd:CI_OnlineResource><gmd:linkage><gmd:URL>http://nwcsaf.inm.es/</gmd:URL></gmd:linkage><gmd:name><gco:CharacterString>Nowcasting_and_Very_Short_Range_Forecasting_SAF</gco:CharacterString></gmd:name><gmd:function><gmd:CI_OnLineFunctionCode codeList="CI_OnLineFunctionCode" codeListValue="information"/></gmd:function></gmd:CI_OnlineResource></gmd:onlineResource></gmd:CI_Contact></gmd:contactInfo><gmd:role><gmd:CI_RoleCode codeList="CI_RoleCode" codeListValue="author"/></gmd:role></gmd:CI_ResponsibleParty></gmd:citedResponsibleParty></gmd:CI_Citation></gmd:citation><gmd:abstract><gco:CharacterString>This is a Product Generation Element (PGE), and is part of the NWC SAF/MSG software package. This PGE is used to generate the Convective Rainfall Rate product. The objective of the CRR product is to estimate the precipitation rate associated to convective clouds. The final output is a numerical calibrated product (in mm/hr) divided into classes in an image format. This product provides to forecasters complementary information to other SAF NWC products related to rain and convection monitoring as PGE04 (Precipitating clouds) and PGE02 (Cloud type). The processing area could be any rectangular area inside MSG full disk for the MSG package. However, the quality of the products is not guaranteed outside of the MSG 'N' area (Europe, North Africa and adjacent seas). The frequency will be selected by the user (default every repeat cycle)</gco:CharacterString></gmd:abstract><gmd:status><gmd:MD_ProgressCode codeList="./resources/codeList.xml#CI_OrbitTypeCode" codeListValue="Pre-operational"/></gmd:status><gmd:pointOfContact><gmd:CI_ResponsibleParty><gmd:individualName><gco:CharacterString>SAF in support to Nowcasting and Very Short Range Forecasting</gco:CharacterString></gmd:individualName><gmd:organisationName><gco:CharacterString>NWC SAF</gco:CharacterString></gmd:organisationName><gmd:contactInfo><gmd:CI_Contact><gmd:address><gmd:CI_Address><gmd:deliveryPoint><gco:CharacterString>Apartado 285</gco:CharacterString></gmd:deliveryPoint><gmd:city><gco:CharacterString>Madrid</gco:CharacterString></gmd:city><gmd:administrativeArea><gco:CharacterString>Agencia Estatal de Meteorologia</gco:CharacterString></gmd:administrativeArea><gmd:postalCode><gco:CharacterString>28080</gco:CharacterString></gmd:postalCode><gmd:country><gco:CharacterString>Spain</gco:CharacterString></gmd:country><gmd:electronicMailAddress><gco:CharacterString>safnwchd@inm.es</gco:CharacterString></gmd:electronicMailAddress></gmd:CI_Address></gmd:address><gmd:onlineResource><gmd:CI_OnlineResource><gmd:linkage><gmd:URL>http://www.nwcsaf.org</gmd:URL></gmd:linkage><gmd:protocol><gco:CharacterString>http</gco:CharacterString></gmd:protocol></gmd:CI_OnlineResource></gmd:onlineResource></gmd:CI_Contact></gmd:contactInfo><gmd:role><gmd:CI_RoleCode codeList="./resources/codeList.xml#CI_RoleCode" codeListValue="originator"/></gmd:role></gmd:CI_ResponsibleParty></gmd:pointOfContact><gmd:graphicOverview><gmd:MD_BrowseGraphic><gmd:fileName><gco:CharacterString>/smartEditor/preview/nwc_PGE05.jpg</gco:CharacterString></gmd:fileName><gmd:fileDescription><gco:CharacterString>preview</gco:CharacterString></gmd:fileDescription><gmd:fileType><gco:CharacterString>jpg</gco:CharacterString></gmd:fileType></gmd:MD_BrowseGraphic></gmd:graphicOverview><gmd:descriptiveKeywords><gmd:MD_Keywords><gmd:keyword><gco:CharacterString>Weather</gco:CharacterString></gmd:keyword><gmd:keyword><gco:CharacterString>Climate</gco:CharacterString></gmd:keyword><gmd:type><gmd:MD_KeywordTypeCode codeList="http://metadata.dgiwg.org/codelistRegistry?MD_KeywordTypeCode" codeListValue="socialBenefitArea"/></gmd:type></gmd:MD_Keywords></gmd:descriptiveKeywords><gmd:descriptiveKeywords><gmd:MD_Keywords><gmd:keyword><gco:CharacterString>Software</gco:CharacterString></gmd:keyword><gmd:type><gmd:MD_KeywordTypeCode codeList="http://metadata.dgiwg.org/codelistRegistry?MD_KeywordTypeCode" codeListValue="theme"/></gmd:type></gmd:MD_Keywords></gmd:descriptiveKeywords><gmd:descriptiveKeywords><gmd:MD_Keywords><gmd:keyword><gco:CharacterString>Software</gco:CharacterString></gmd:keyword><gmd:type><gmd:MD_KeywordTypeCode codeList="http://metadata.dgiwg.org/codelistRegistry?MD_KeywordTypeCode" codeListValue="discipline"/></gmd:type></gmd:MD_Keywords></gmd:descriptiveKeywords><gmd:resourceConstraints><gmd:MD_LegalConstraints><gmd:useConstraints><gmd:MD_RestrictionCode codeList="http://metadata.dgiwg.org/codelistRegistry?MD_RestrictionCode" codeListValue="copyright"/></gmd:useConstraints></gmd:MD_LegalConstraints></gmd:resourceConstraints><gmd:spatialRepresentationType><gmd:MD_SpatialRepresentationTypeCode codeList="MD_SpatialRepresentationTypeCode" codeListValue="grid"/></gmd:spatialRepresentationType><gmd:language><gco:CharacterString>eng</gco:CharacterString></gmd:language><gmd:characterSet><gmd:MD_CharacterSetCode codeList="/resources/codeList.xml#CI_CharacterSetCode" codeListValue="utf8"/></gmd:characterSet><gmd:topicCategory><gmd:MD_TopicCategoryCode>climatologyMeteorologyAtmosphere</gmd:MD_TopicCategoryCode></gmd:topicCategory><gmd:extent><gmd:EX_Extent><gmd:geographicElement><gmd:EX_GeographicDescription><gmd:geographicIdentifier><gmd:MD_Identifier><gmd:code><gco:CharacterString>Full Global</gco:CharacterString></gmd:code></gmd:MD_Identifier></gmd:geographicIdentifier></gmd:EX_GeographicDescription></gmd:geographicElement></gmd:EX_Extent></gmd:extent><gmd:extent><gmd:EX_Extent><gmd:geographicElement><gmd:EX_GeographicBoundingBox><gmd:westBoundLongitude><gco:Decimal>-79.0</gco:Decimal></gmd:westBoundLongitude><gmd:eastBoundLongitude><gco:Decimal>79.0</gco:Decimal></gmd:eastBoundLongitude><gmd:southBoundLatitude><gco:Decimal>-81.0</gco:Decimal></gmd:southBoundLatitude><gmd:northBoundLatitude><gco:Decimal>81.0</gco:Decimal></gmd:northBoundLatitude></gmd:EX_GeographicBoundingBox></gmd:geographicElement></gmd:EX_Extent></gmd:extent></gmd:MD_DataIdentification></gmd:identificationInfo></gmd:MD_Metadata>